star_score,reple
다만 악에서 구하소서
10,이정재 ㅈㄴ 지드래곤 같았음
6,"연기는 손색이 없으나, 스토리가 조금 빈약하지 않나 생각합니다."
10,"신세계가 흥행한이유 믿고보는배우 황정민,이정재 fast.박정민연기에 놀라다"
10,액션도 쩔고 계속 장소가 바뀌며 치달리는 영화라 지루하지도 않다! 황정민 이정재 박정민 연기 구멍이 없어서 더 좋은듯
10,목숨과바꾼 가족사랑  그리고 액션 특히 박정민 배우님에 충격적인 변신..좋았어요
10,역시 믿고 보는 배우 황정민. 이정재.박정민 이영화는 꼭봐야한다!!!올해 최고의 작품 강추
10,역시 박정민!!!!조연이아니라 나에겐주연  강철비2보려다 조연으로박정민이나온다해서바로선택한영화인데완전나의신의하수였다?
10,와 이거 감독판으로도 나왔으면 좋겠다
10,황정민이랑 이정재 같이 나오는 영화는 다 재밌어
10,몰입감 긴장감으로 시간 순삭ㅋㅋㅋ 존잼
강철비2: 정상회담
6,미국대통령이 너무나 쉽고 허술하게 납치되는 과정을 보면서 어이상실 한번 하고 백악관이 이 사실조차 모른다는데서 두번 어이상실.. 예의없고 안하무인의 미대통령의 코미디 캐릭터를 보면서 기대 접고 봄.. 잠수함 액션은 볼만함
1,"평점높은거 알바라고 보면되요. 개실망했습니다. 저 배우들을 데리고 이정도밖에 안되나요? 억지스러운 스토리와 웃기고 싶은 욕망, 아마추어같은 영상미, 기억나지않을 음악까지..."
1,북에서 개봉하면 인기많을듯 ㅋㅋㅋ 김정은 미화영화
2,"낚였다~억측난무, 정치 다큐 영화"
7,재미있게 봤는데 마지막에 너무 정치적인 제스쳐를 강요하는거 같아요.
4,2시간짜리 역사수업. 하품을 멈출수가없네 국뽕은 왜이리 심한거냐.문재인의 판타지 봐주느라 힘들었다.
1,전편보다 지루함 스토리도 별로임
2,방금 보다가 너무 졸려서 중간에 나왔음완전 최악.비추. 가족들하고 보려다가 혼자본게 그나마 다행.
1,잼없다. 보지마라!절대로~~
1,아 진짜 개 쓰레기 영화이런 영화에 쓴 내 Kt멤버쉽포인트가 아깝다.현실성없는건 둘째치고 내용이 너무 재미없고시나리오 쓴사람이 진짜 못배운 티 남.  저런 시나리오로 어떻게 투자를 받았지?대통령 관저 청와대가 무슨 20평대 아파트 같질않나 대통령 가족을 무슨 중산층 가정처럼 묘사해놓질않나 고증엉밍에  아무리 북한이래도 3자회담을 3류 모텔같은데서 하질않나 ㅋㅋㅋㅋ 잠수함 씬은 80년대 우뢰매보는줄 ㅋㅋㅋㅋ 암튼 대학생 독립영화도 이정도는 아니겟다. 그냥 감독의 짧고 편협한 지식으로 상상한 시나리오 쓰레기 영화.
반도
2,부산행 반도 못따라감 그래서 반도임
6,재미있게 잘 봤습니다. 다만 조금 질질 끄는 게 아쉬웠어요. 전형적인 약간의 억지 감동은 빼주셨으면
4,영상미는 좋은데 스토리가....흥미가 안생겨요배우님들 고생 많았습니다
1,진짜 재미없음 다른말필요없음
8,미안하지만 jane 명찰보고 빵터짐
1,실망대망.  교과서적 연출로도 평타 이상은 가능할 좀비소재를 이렇게까지...
2,한창 때리고 부수고 싸우는 거 좋아하는 10세 남아 머리에서 나올법한  수준 낮은 각본과 연출. 대신 추진력 하나는 인정. 이런 지지고 볶는 짜파게티같은 각본을 완결짓고 영화판에 내다니..그 점은 대단! 애기들도 연기 연습 더 해야겠더라
5,분노의 질주를 본것 같았다...감동을 억지로 씬에 담으려는거 같았고현실성 없는 내용들이 많이 깔려있어서보는내내 이질감이 느껴져 2점 드렸습니다.
6,"기아 모하비 홍보영상을 보고나온 느낌이 제일 강하게 들었고,차량 액션신은 대부분 cg인데 이질감이 느껴짐좀비 연출은 죄다 때거지로 덤비는 연출 아쉬움그냥 볼만한 수준의 영화이 영화보다 부산행 한 번 더 보는걸 추천드림"
2,부산행의 반도 못하다 해서 반도. . 인가..
애니멀 크래커
10,볼거리도 다양하고 음악도 좋고~ 아이들과 보기에 딱 좋은 애니메이션이에요~
10,아침 일찍 아이들과 보고 왔는데 너무 재밌어해요~ 핵꿀잼!
8,초딩 조카들이랑 같이 봤는데 너무 재미있었다고 자막판으로 다시 보고 싶다고 하네요~ 영상도 예쁘고 음악도 신나서 아이들이랑 보기 좋습니다~
10,"시사회로 미리 봤는데, 어른들도 재밌게 볼 수 있고 아이도 좋아하고 즐겁게 봤네요. 추천해요"
10,오랜만에 애들이랑 같이 극장 다녀왔는데요. 여름방학 영화로 최고! 강추입니다!!
10,노래가 너무 신나요~ 동물친구들도 너무 재밌습니다~
10,너무 예쁘고 재밌어요~! 즐거운 영화 입니다~
10,에밀리 블런트가 더빙했다길래 기대하면서 봤는데 두 부부 합이 진짜 장난아니더라구요ㅎㅎ 믿고 보는 제작진들이라 영상미도 좋았네요
10,퀸 노래 나온다고 해서 기대했는데 스크린으로 서커스 장면이랑 같이 보니까 진짜 최고였어요ㅋㅋㅋ동물들도 넘 귀엽고 감동적인 교훈까지 좋았네요ㅎㅎ여름방학이라 조카들 델꼬 또 가려구요
10,방학시즌에 비와서 우울했는데 기분전환 딱인 영화...!
빅샤크3: 젤리몬스터 대소동
10,여름에는 애니들 그래도 개봉 많이하는거같아서 다행이예요. 빅샤크3를 시작으로 슬슬 하나씩 도전해봐야겠어요
8,감동적이네요~ 어른이 봐도 잼나요^^  가족영화로 강추!!!
9,"아이,첫영화였는데 헐 벌써 세번째시리즈라니...앞에 1,2편도 찾아봐야겠네요. 3살짜리가 보기에도 좋았어요. 엄청 집중하고 잘 보내요^^"
10,빅샤크1때부터 생각한건데 캐릭터 디자인 너무 잘 나왔어요 젤리몬스터도 너무 귀여워요ㅋㅋ 어른들도 생각보다 볼만한 만화영화 애들한텐 스토리랑 교훈도 잘 전달해준듯
10,"6살. 9살 남매, 내내 마스크쓰고 보는데도 투정도 안하고 잘봤어요. 극장안이 시원해서 그런지 괜찮더라고요.^^"
10,아이와 함께 오랜만에 극장에서 본 영화인데 기대만큼이나 재미있네요. 그동안 극장에 통 못갔었는데 마스크 잘 챙기고 안전하게 관람했네요~
10,"애들이 생각보다 많아서 깜짝놀랐어요, ㅎ. 다들 얼마나 기다렸을까요? ㅜㅜ 신나게 잼나게봐서 너무 뿌듯했네요!"
10,어쩌다 애들 따라 본 영환데 어른인 제가 봐도 재밌네요
10,반도나 강철비보러갈바엔 걍 이거 봐야겠다 ㅎㅎ
10,캐릭터들이 너무 귀여웠어요 ㅋㅋ 재밌게 잘 봤습니다.
온워드: 단 하루의 기적
10,아빠가없는 우리꼬맹이랑 같이 봤어요..저혼자 울면서 보았네요 /..아이가 나도 저런기회가 있으면 좋겠다고 해서 마음이 아프네요
10,픽사 영화는 묘한 뭔가가 있음. 보고 나온 뒤에 시간이 지날수록 더 여운이 남고 자꾸 생각남
9,재미있으면  공감  재미없으면  비공감
10,기발합니다. 큰 기대안하고 왔다가 울컥하고 갑니다.
8,"이제까지 봐왔던 픽사 필름 중에선 조금 아쉬운 부분이 큰 영화이긴 하나, 강력한 한 방이 있다. &#39;준비는 평생 안돼, 끼어들어!&#39; 이 대사가 정말 머릿속 깊은 곳에 박혀버렸다. 덕분에 내일부터 다시 도전해보려고 한다. 정말 애 어른 구분없이 교훈을 주는 픽사."
10,영상미도 황홀하고 정말 역시 픽사라는 말이 저절로 나왔던 영화였네요. 막판에는 결국 눈물을 흘리기도 했고 정말 너무 재밌게 잘 봤네요~
9,마지막 장면은 예상 밖이었지만 서로를 이해하고 위하는 형제의 바로 그 마음이 아버지가 원했던 형제의 모습이었을 것이다. 맨홀이 열리고 피닉스젬이 있는 장소도 의미심장했다. 언제나 열쇠는 내 주위에 있다.
10,이런 걸 보고 누가 울어;; 유치해 죽겠네 진짜... 흐어허어엉 ㅠㅠㅠㅠ 처음엔 발암캐인 줄 알았는데 진짜 주인공은 발리였다 너무 귀엽고 사랑스럽고 안아주고 싶은 캐릭터 ㅜㅜㅜㅜ
10,발리는 이안에게 최고의 형이자 아빠였다. 귀네비어의 아름다운 희생
10,"감동적이네요. 우리가 기억하는 부모의 모습, 찾고싶은 모습..그게 다리 뿐이라도 소중하네요. 참 좋은 영화."
소년시절의 너
10,아니 얘네 왜케 연기잘햐요?;;;; 진짜 걍 개좋앗음 쟤가 내 남친이길 바라고바랫네!!
10,"연기, 연출, 엔딩 크레딧에 노래까지 완벽..."
10,세상으로부터 버림받은 두사람이 서로의 세상을 지켜주는 이야기
10,세상은 우리를 지켜주지 않지만 어떤 누군가가 다른 누군가를 지켜줄수 있다. 앞으로 그런 누군가가 되고싶다.
10,오늘은 종일 이 영화 생각만 날듯...
10,주동우라는 배우면 믿고 봄.
10,"주동우는 매번 연기의 끝을 보여주는 것 같아요,너무 감동적이었고 이양천새 쨩 ㅠㅠ??"
10,진짜 부족한 거 하나 없어요꼭 보세요 강추합니다그리고 학교에서 학생들에게 이 영화 틀어줘도 좋을 만한 스토리에요
10,진짜 말이 필요없음. 안 보면 후회한다. 주동우가 계속 우는 연기를 하는데 나까지 울컥해서 펑펑 울었다. 웬만하면 영화 리뷰 안 남기는데 안 남길 수가 없는 영화. 이양천새도 잘생기고 연기 너무 잘함. 대사 하나하나가 전부 명대사다. 솔직히 어린 아이들의 사랑이라고만 정의내리기에는 영화 안에 담겨진 메시지와 그들의 교차하는 감정과 교감 또한 너무 뛰어나고 감정선이 너무 좋았다. 상영관이 더 많았으면 거의 출석체크하러 갔을텐데 얼마 안 하는 게 넘 아쉬웠음.
7,주동우와 이양천새의 연기는 그저 소름돋는다.
미녀와 야수
10,ㅋㅋ혼자보구왔는데 세상이달라보이네 보고나면 길걷는것도 재밌고 그냥 웃음나오고 행벅함
10,말이 필요없다 진짜 실사화 제대로 해놨네 역대급임 진심 디즈니에서 일 제대로 함
10,야수의 선홍빛 잇몸미소가 아직도 눈에 선합니다 .
10,"시사회 보고 왔습니다 일단 역대 디즈니 실사화영화중에 역대급이라 할수 있습니다 노래, 영상미, 연기 모두 뛰어나고 CG가 너무 황홀해서 어릴적 향수를 그대로 충족시켜주는 영화였습니다 디즈니에게 다시 한번 박수를 보내게 되네요!"
10,예매 망설이신 분들 .. 그냥 봐요 두번 봐요 전 다섯번 볼테니ㅎㅎㅎ헿
10,벨캐스팅 잘한듯 야수도 귀여움 근데 왕자보다 개스톤이 더 잘생김왕자구림ㅋㅋ
10,원작미녀와야수와 많이비슷해서 보면서 어릴적 만화영화가 주마등처럼 지나가더라구요!!!♡♡소품디테일도 대단하고 배우들노래부르시는게 진심이담겨있고 가사하나하나가 정말사랑하는기분이들어서 감동먹었어요!!ㅜㅜ인생영화♡
10,미녀와 야수 스토리 안다고 생각했는데 왜 나 눈물남?ㅠㅠㅠㅠ 진짜 마지막에 울컥함 또봐야지
5,왕자보다 야수의 모습이 더 멋진 아이러니한 상황..
10,잊고있던 내 어린시절로 돌아간기분이다.동화같은 영화가 동화같았던 어린시절 기억을 떠오르게 한다. 정말 영화가 이쁘다.
블랙아웃 : 인베이젼 어스
1,ㅈㄴ재미 없고 지루한데 지들만 심각해서 1시간 이전에 현타 와서 포기함
2,제목이 영화 자체다. 정말 아웃이다.
4,지루함을 방해하는 영화
10,기대 안했는데 생각보다 너무 재미있었음! 세계관도 좋고 볼거리도 많고 ㅎㅎ 러시아 영화 괜찮네~~
1,내 평생 이 영화로 쏘련 영화는 더이상 없다.
1,5년전에 다운받아서 보다가 재미없어서 버린 영화인데....
10,액션도 좋고 생각보다 스토리도 탄탄해서 볼만했어요
10,생각보다 스케일도 크고 퀄리티 좋고 할리우드 sf 저리가라임 강추강추
10,
9,그냥저냥 sf일거라 생각했는데 세계관도 흥미롭고 신선하네요!
알라딘
10,윌 스미스가 하드캐리하여 의도치 않게 원작을 뛰어넘은 실사영화
10,영화가 너무 아름답다..ost도 잊혀지지 안고 디즈니 실사중에서 최고중에 최고다 쟈스민 너무 멋지고 팬 엄청나게 생길듯 웃다가 울다가 너무 좋았음
10,존잼임... 난 처음 도입부에 아~라~비안 나~잇 이 부분에서부터 감동받아서 울 뻔했음...
10,자스민의 speechless 명장면이고 덤으로 윌 스미스의 연기력 또한 매우 굿~~
10,A whole new world 나올때때 개소름...
10,자스민 존나 이쁘다..
10,지니가 나오면.. 이세상 흥이 아니다ㅎ
10,일요일 아침 8시 디즈니 만화동산 챙겨보고 비디오 알라딘 애니도 수십번 빌려봐서 테이프 늘어났었는데 ㅎㅎ클린액으로 비디오 헤드 청소해보신분 손!
10,디즈니가 미쳤음.. 영화시장을 통재로 잡아먹으려고 작정을함..끝내주는 영화 이제껏 디즈니실사중 최고였음
10,제일 우려스러웠던 윌스미스가 하드캐리하는바람에 원작 뛰어넘어버림 ㅋㅋㅋ
고 피쉬!
1,니모를 기대하고 갔다가 깜짝 놀라고온...
1,이건 좀 아니잖냐
1,9살 아이 데리고 봤는데.. 안 좋은 시국에 아무리 볼 영화가 없어도 이건 아님. 시작 전에 광고가 제일 재밌었음.
2,"4학년.2학년 두  딸과 보러갔는데 이거 미국영화맞나요?중국영화인가 했네요?스토리도 빈약하고 화면도 너무 단순하고기승전결이 있긴 하지만 너무 맹숭맹숭해서 둘째딸 집중 못 하고 얼마나 어수선하던지~~유치원이하 어린이들이 봐야할 수준인데 그러기에도 몰입도 떨어지는~~중간중간 음악이라도 나오면나오겠지만물고기들이 지루하게 늘어지는 대화만 많이하고, 그나마 해마가 암수구분없이 임신한다는 지식 하나 얻어가네요.도리를찾아서, 니모를 찾아서 생각했다가 완젼 폭망. 이럴거면 알라딘을 봤어야 했는데~~돈 아까워요 ㅠ"
10,물고기들이 너무 귀엽고 또 환경문제를 아이들이 알기 쉽고 재미있게 잘 풀어 놨네요 . 아이들이 너무 좋아했어요
2,상어가족 2시간트는게 더나은수준
2,시장은 닭 비서는 비선실세
10,아이랑 재미있게 보고왔는데.. 악플만있네요 무시무시하고 징그러운 악당을 싫어하는 아이라 이 영화가 너무 재미있었다고 합니다 색감도 예쁘고 잔잔한 스토리 괜찮았어요
10,
10,
마티아스와 막심
10,m & m
8,자비에돌란 플레이리스트 훔쳐오고싶다
9,순간순간 뻔하지 않은 전개들. 다시 처음으로 돌아간 것처럼 순수의 극치. 키스하는 그들의 가슴떨리는 순간과 동시에 펼쳐지는 소나기와 잘 당겨지지 않은 양말까지 아름다왔다.
8,내내 부러움을 느낄 정도로 사이 좋은 친구들.. 이 기억에 남네
6,초반에는 지루하다. 막심과 케빈은 잘생기고 만화에서 튀어나온듯 섹시하고 매력적이다.
9,매력적인 영화 연기음악연출 다 좋았다
10,이 친구들의 우정이야기사랑합니다
8,자비에돌란의 영화를 내가 왜 좋아했는지다시 한번 깨달았다.M&M
8,자비에 돌란 특유의 미장센이 좋다.
8,자비에 돌란의 전작들이 자의식 과잉처럼 느껴져서 싫었다면 이거까지만 보고 다시 평가해도 늦지 않을듯. 생각보다 좋았다. 막심이 이메일 주소를 부르다가 흐느낄 땐 콜바넴에서 화롯가에 앉아 우는 엘리오랑 겹쳐보이기도.
밤쉘: 세상을 바꾼 폭탄선언
10,이 시국 필람 영화. 세상 모든 성 범죄자들이 자신의 ‘죄만큼’ 벌 받을 때까지.
10,"여성들끼리 연대가 중요함. 모른척하고 침묵할수록 결국 내 딸, 내 친구, 나로 다시 돌아온다."
10,와 진짜 너무 재미있다 짜릿하고 소름 돋고 화나고 공감되고 ㅠㅠ 언니들 최고다 또 봐야지
10,세 배우들이 캐리하는 재밌는 영화
10,기대했던 만큼 재밌게 봤다. 배우들 연기도 쩔고 진짜 통쾌함 진짜 지금 봐야 하는 영화
10,"잠시도 눈을 뗄 수 없었다. 긴장감+몰입감+속도감 쩔어줌 ㅠㅠ 영화 자체로도 재미있는데다 강력한 메시지까지 완벽했다. 한 사람 한 사람의 용기가 모여 세상을 바꿀 수 있다. 우리는 변화하고 있다, 지금도."
9,내용. 연기  모두 좋았어요~~
6,배우들의 명연기에 비해 너무 밋밋한 연출.. 그래도 메시지는 명확하게 전달했다. 사실 그것마저도 배우들의 덕이 큰 영화다
10,"세 배우의 합이 너무 좋았고, 지금 상황에 딱 맞는 영화라고 느껴졌다! 엘리베이터 장면이 너무 강렬하게 기억에 남음 ㅠㅠ"
10,피해자가 자신을 혐오하는 상황이 너무 안타깝다.목소리를 낸 피해자들은 모두 정말 대단한 사람들이다.우리는 피해자들이 떳떳하게 살아갈 수 있는 사회를 만들어야할 것이다
지저귀는 새는 날지 않는다
10,원작 만화책의 내용을 모두 스크린으로 옮기지는 않았지만 상당히 이야기 전개가 깔끔하고 연출이며 성우들의 연기가 자연스러워 좋았습니다. 특히 야시로가요. 마지막 OST도 영화와 잘 어울려서 여운을 잘 줬고 책으로 나온 뒷부분도 다시 영화화 해줬으면 합니다.
10,내용을 알고 있어도 스토리 흘러가는 거나 주인공들 이야기에 몰입할 수밖에 없었고 복잡한 사랑인듯 사랑 아닌 그 간질거림이 잘 드러나서 너무 좋았다 ㅠㅠ 그리고 야시로 행복하게 해주세요 제발 보는 내내 이 생각밖에 안 들어요 ㅠㅠ
8,마지막에 나오는 Ost가 좋네요 작붕이 있긴 했지만 얼굴이 참 잘생겼습니다
10,드씨와는 다른 연출방식이었지만 극장판 나름의 스토리 진행으로 보는데는 전혀 문제 없었다.오히려 시간에 맞춰 잘 편집한 느낌?^^야시로는 여전히 섹시했고 도메키는 더욱 우직해서 너무 좋았다.다만 작화가 가끔씩 무너지는게 보여서 그 부분이 안타깝긴했지만 그런 것들을 커버하고도 남을 작품이었다.2편도 개봉되길~
10,제가 엄청 좋아하는 작품입니다!!! 개봉 이날을 계속 기대하고 있습니다! 진짜 좋아합니다!성우들 도 그러고 OST도 그러고 완전 좋아합니다!!!
8,추억의 야오이를 극장에서 본 역사적인 날. 요즘 세대들 좋겠다. 앞으로 많은 BL물이 상영되길 바랍니다.
10,원작의 섬세한 스토리와 감성을 너무 잘 담아낸 극장판ㅠbb
9,"원작 모르고 오로지 BL물이 스크린에?! 이런 마음으로 보러 갔음.1. 관람 후 집으로 돌아가는 길에 전권 구매함2. 원작을 보고 나니 야시로의 행동이나 감정이 훨씬 더 잘 이해되었고, 도메키의 행동에 어떤 의미가 있는건지 이해하게 되어서 감동이 두배3. 작붕이 있으나 몰입에 방해되는 정도는 아님4. 음악을 너무 잘씀 엔딩곡은 가사까지 절묘해서 끝까지 듣게 됨5. 수위가 많이 높음 주의"
9,원작의 스토리에 충실한 영화임. 짧은 상영시간덕에  사전에 원작을 보지 않은 관객들은 스토리의 개연성이 떨어진다고 느낄 수 있을듯합니다. 하지만 그림으로만 보던 만화를 애니메이션으로 볼 수 있었다는 점..만화책으로 봤을때 그다지 와닿지 않았던 감정선이 애니메이션으로 보니 아..이게 이런 느낌이었나..싶은 부분이 분명히 있었음. 그리고 기대 이상의 OST
10,"원작을 너무오래전에 봐서 다까먹고 봤는데 너무좋았어요>< 영화관에서 우헣 싶은 장면이 많이 나오기는 한데(청불아님 큰일날 영화...) 스토리랑 연출, 오스트가 너무 아련아련하게 잘잡아준거같아요"
블루 아워
10,"한 번 보고 나서는 여운이 오랫동안 남아서 한동안 집에 돌아와 침대에 누워 계속 이 영화 생각만 했다. 이상하게 계속 끌려서 한 번만 더 봐볼까, 했던게 결국에는 지금까지 도합 다섯 번을 보게 되었다. 말하자면 한 번에 이해하기 힘든 영화이고 취향을 좀 타는 영화이다. 하지만 거꾸로 생각하면 이 영화의 메세지를 깨닫게 될 때까지 계속 보고싶어지는 영화이기도 하다. 이 영화가 비디오 테이프로 있었다면 나는 테이프가 엉키고 끊어질 때까지 계속 봤을지도 모른다. 여름에 어울리는 영화이긴 하지만 겨울 바다처럼 하염없이 볼 수 있는 영화기도 했다.솔직히 영화 배급사가 홍보를 잘못했다고 생각한다. 허위 광고 아닐까하는 생각이 들 정도이다. 블루아워는 굳이 말하자면 &#39;힐링&#39;이라는 타이틀을 붙일 수도 있겠지만 &#39;리틀 포레스트&#39; 같이 양지에서 해바라기 하듯이 마음을 다독여주는 영화가 아니다. 본다면 몇 번쯤은 불쾌한 감정이 들거라고 알아둬야 영화를 보며 혼란스럽지 않을 것 같다. 비유하자면 내가 본 &#39;블루아워&#39;는 오히려 비가 퍼붓는 여름날에 버스정류장에 서 있을 때, 곁에 구멍이 살짝 난 우산을 발견한 느낌에 가깝다고 생각한다. 번아웃 상태인 &#39;스나다&#39;는 &#39;기요&#39;와 함께 싫어하던 고향에서 자기가 삶에 지친 이유들을 발견하고 불쾌한 상황에 맞닥뜨리지만, 동시에 &#39;그럼에도&#39; 살아가야 할 이유들을 찾기도 한다. 마음이 깨진 상태에서 그 조각들을 모아 이어 붙이고, 굳히고, 결국에는 성장하는 이야기가 담겨있는 것이 &#39;블루아워&#39;라는 영화이다. 그리고 이를 보며 공감하고, 함께 일어설 용기를 넌지시 던져주는 것이 블루아워의 힐링 방식이고. 마지막으로 나오는 노래를 함께 듣고 나오면 나도 모르게 하늘이 온통 파란, 좋은 아침이라하기에도 애매하고 잘 자라고 하기에도 애매한 새벽의 &#39;블루아워&#39;에 달리고 싶은 기분이 든다."
6,포스터/예고편 같은 내용아닌데 왜 이런식으로 마케팅한건지... 그냥 원래 느낌 대로 했었어도 봤을것 같은데 일단 영화를 보고 나서 청량힐링로드무비에 낚인 분노가 더 컸습니다...ㅠ ㅠ 그와 별개로 영화는 호불호가 많이 갈릴것 같습니다. 블루아워라는 제목보다 블루아워에서 날려버려 란 원제목이 더 영화 내용과 알맞는것 같아요. 서사없이 그냥 물흐르듯이 내용이 흘러가는데 점점 잠겨가는 끝없는 느낌은 압도적이었습니다..
10,힐링영화 기대하지마셈음울하고 지루한 감성 조금 표현이 덜된듯 모호한 부분이 있지만 그것도 조앗슴
1,정말 힐링영화였다면 주말에 반도를 꺾었을 거야. 지금은 그런 영화가 필요하거든. 이 영화 마케터는 관객들에게 미안해 해야해. 그러면 안돼. 영화를 속여서 팔다니...
2,너무 난해했다.. 일본식 특유의 오바스러운 연기도 오글거리는거에 한몫했고...보는 내내 나갈까..가족애를 그리려고했던건지 대체 뭘 보여주려고 했던건지..힐링무비는 절대 아니라는것만 알아두길. 일본 특유의 음산함과 어울리지않는 음악들. 알수없는 장면들과 특유의 연기들..일본영화가 원래 이렇지 라고 하기엔 너무도 난해하고 눈쌀을 찌푸리게 만들었다. VIP 멤버십으로 봤는데..돈아까워 죽는줄..
2,90분동안 불편하고 찝찝하기만한 그런영화 .. 뭘말하고싶은건지도 모르겠고 장르가 공포영화였나? 하고 간간히 생각이드네    난해한건지 이상한건지 모르겠는데 코로나때문인가 영화관에 상영할게 이런거밖에없는건가
1,하ㅠ 정말ㅠㅠ 백번 양보해도 별 하나도 아깝다
1,40넘게 살면서 처음으로 관람도중에 포기하고 나왔습니다.
10,밤인지 아침인지 모를 푸른시간. 모두가 잠든 외로움속에서만 위로를 얻는 당신에게.
1,첫 장면부터 아...싶더라고요 일단 힐링영화는 절대 아님그리고 끝까지 찝찝함 영화 내용도 잘 이해가 안 돼요...이거 보느니 강동원 보러 반도가세요! 최악과 차악 중에 차악이ㅠㅠ
카오산 탱고
10,"아는 맛이라 더 그리운. 영화를 보는 내내 아, 이 영화는 진짜 여행자가 만들었구나. 태국과 인도 고인 물인 것 같다, 생각했고 적어도 3개월 이상 여행해본 여행자라면 누구나 일상으로 느껴질 법한 부분을 참 잘 담아낸 것이 신기했다. 암파와나 쏭크란을 볼 수 있는 것도 좋았지만 전통 모자 쓰고 다니며 또로록 또로록 긁어서 소리 내는 악기 들고 다니는 아주머니, 매일 타고 다니던 짜오프라야 수상 버스, 여행자들이 입고 다니는 옷 등 실제로 카오산에서 만날 수 있는 사람들과 풍경을 보는 게 너무 좋았다. 땡모반 들고 다니던 여주인공을 보며 피식, 웃음까지 나오더라니. 진짜 다 넣었네 싶어서. 영화를 보는 내내 얼마 전까지만 해도 일상이었지만, 지금은 너무 아득해 꿈처럼 느껴지는 그 분위기가 너무 그리웠다. 진짜 그렇게 사는 게 행복하니? 돌아갈 수 있을 때 돌아가. 여행자라면 누구나 한 번쯤 해보았을법한 고민을 날카롭게 건드린다. 여행이 길어지며 한 곳에 자리 잡기 점점 어려워지고 돌아간 곳에서의 삶을 감당할 수 없을 만큼 자유를 맛본 사람들이 할 수 있는 말이겠지. 돌아갈 수 있을 때 돌아가라는 말. 꼰대스러운 그 말을 듣는 게 참 싫었는데 지금 생각해보면 그들 자신에게 하는 말이었을 수도 있겠다. 영화를 보는 내내 이 영화를 만든 사람의 목소리가 곳곳에서 느껴졌다. 여행을 통해 인생이 바뀐 사람, 소중한 사람을 잃어본 사람의 목소리가. 영화를 보는 내내 마음이 좋았다. 익숙한 거리의 간판과 사람들을 보며 그곳의 공기가, 온도가 고스란히 전해졌다. 여행이 그리운 사람이라면, 인도와 태국 여행자라면(대개 이 두 곳을 오가는 퐁당퐁당 고인 물이 많으니 ㅎㅎ) 추천하고 싶은 영화."
5,"영화가 무얼 말하려고 하는지 모르겠음. 남주 여주가 왜 그런 감정을 느꼈는지, 왜 서로에게 마음이 끌렸는지에 대한 설명도 없음. 현실적인 방콕 장면에서 비현실적인 이야기를 다루니까 이질감이 매우 느껴짐. 벗, 남주 진짜 잘생겼다라는 생각들었음"
6,영상미는 뛰어나나 다른면은 다 부족함방콕을 가고 싶게 만들지만줄거리가 뜬금 없음
8,여행지에서 이런 감정을 느낄수도 있다고 생각하고 보면 딱 좋을 영화. 잔잔하게 흘러가는 내용에 몰입하게 되더라구요. 태국 방콕의 다양하고 생생한 풍경도 볼만합니다.
10,저는 너무 잘봤습니다.. 잔잔하게 감동주고 여행자들의 군상을 볼 수 있었습니다.. 사람마다 느끼는게 달라서 평이 좀 아쉽네요! 영상 음악도 저는 좋았습니다.
2,이걸 무슨 의도로 만든거냐
1,시간 아까운 영화조연으로 나온 사람 배정남인줄
10,"영화 시작 30분 경과, 나의 몸은 이제 주체할 수 없는 지경에 이르렀다. 내 영혼은 이미 방콕으로 떠났고 이제는 몸마저 영화관 의자 밑으로 떨어지려고 한다. 눈을 잠시 감았다 떴더니 여주인공은 머리를 풀고 택시를 타고 떠난다. 아, 잠시 졸았구나. 다시 영화에 집중하려 했다. 하지만 나는 마음만 방콕에 떠난 것이 아니었다. 실제로 나는 1시간 10분이라는 시간동안 방콕에 다녀갔다 온 것이었다. 그렇다. 감독 김범삼은 나의 손을 잡고 함께 방콕으로 떠났다. 18 years. 내 외길 인생에 이런 몽롱하고 오묘한 경험은 색달랐다.카오산 탱고. 이 날을 평생 잊지 못할 것이다. 아, 얼마나 의미있던가.&#34;카오산 탱고 했다.&#34; -옆자리 이모씨"
10,한국 영화관람객들이 이런 독립영화를 많이 찾아줘야 한국영화도 더 다양성이 생기고 젊은 감독들이 도전할 수 있는 무대가 만들어질 수 있다고 생각합니다. 영화 보는 내내 너무 아름답고 노래가 좋아서 푹 빠져서 봤습니다 마치 미드나잇 인 파리 태국 버전느낌!! 좋은 영화 잘 봤습니다.!~~
10,퓨어한 영화를 찾으신다면 극장으로 가십시오
위대한 쇼맨
10,말이 필요없음. 이런걸 영화라고 함.
10,레미제라블이후로 휴잭맨의인생영화였다
9,"휴잭맨의. 매력이 한껏 돋보인 영화입니다.다른 출연자들도 너무 멋지구요.사람은 누구나 소중하며, 현재를 멋지게 사는게 중요하다는 메세지도 있구요.좋았습니다"
9,"지금 미국에선 평론가들 평 안좋고, 관객평은 좋다던데 우째 딱 영화 처럼 된듯ㅋㅋㅋ ""공연을 즐기지 못하는 공연 평론가 이게 진짜 사기 아닌가요?"""
10,정말 인생 최고의 영화!!!! 너무 좋아서 울컥하고 남들 없었음 ㅠ 기립박수 칠뻔!! 강추!
10,노래 진짜 쩐다 ㅠㅠㅠ 보는 내내 귀호강 ! 그리고 배우분들 연기 다 너무 좋아서 올해 마무리 영화로 딱인듯합니다
10,시작한 지 얼마 안되어서부터 꿈을 얘기하는데 듣다보면 눈물이 난다. 그 꿈이 허황되기 때문일까 쉽게 꿈꿀 수 없는 그 꿈이 아름답기 때문일까. 생각보다 묵직한 음악으로의 시작이라 좋았고 처음 들어보는 잭 에프론의 목소리는 무척 무척 취향이라 놀라웠다
8,좀 뻔한 전개 스토리이긴 하지만 아주 재밌게 봤고 감동적이었습니다. 실화 영화인 것을 생각하니 더욱 좋았습니다. 가족이나 아주 친한 사람들과 함께 보면 아주 좋을 영화입니다. 명대사들이 많이 나오고 기대 이상이었습니다. 많은 분들께 추천합니다.
10,올해 최고의 뮤지컬 영화입니다단언컨데 꼭 다시한번 볼것입니다
10,라라랜드 보다 재밌다. 10만원이 넘는 비싼 뮤지컬 보다 1만원이 안되는 위대한 쇼맨이 한 수 위. 한해를 마무리하면서 세상을 살아가는데에는 역시 함께와 용기라는 생각을 다시 하게 해 주어서 좋았다. 연말에 가족들이 보기 딱 좋은 영화!!
세인트 주디
8,영화관에서 볼만한 영화다. 우리가 놓치고 있는 인간의 모습을 담았다. 무분별한 인권호소가 아니라 정말 필요한 이들의 간절함을 호소하며 대변하는 변호사 주디의 모습이 멋지다.
10,스토리 연기 다 좋았어요
10,끈기로 세상을 바꾼 변호사. 마음을 움직이는 스토리.
10,바라봐주고 이해하고 들어주는 것으로 시작하는 세상의 변화를 실천하는 작은 움직임이다.
10,"이 시대에 꼭 필요한 영화 인권, 정의에 대해 다시한번 생각하게 만든다"
10,"온 세상의 주디, 그리고 주디가 될 사람들을 위한 영화."
10,큰 기대없이 감상평만 보고 선택했는데 정말 선택하길 잘했어요.영화비가 아깝지가 않아요. 잔잔하게 그려냈는데 영화인데 몰입하게 되고 지루할 새도 없이 끝났어요.
10,주디 우드의 끈기가 세상을 바꾸다
10,약자를 위해 끝까지 싸워 당당히 세상을 바꾼 주디. 감동적입니다. 우리 나라에도 이런 변호사가 많아지길 바랍니다.
10,주디 우드 그녀의 끈기에 보는 사람까지 용기를 얻게 되는 영화!!
소년 아메드
9,"영화가 끝나도 바뀌는 것은 없다. 아메드가 배교자라고 믿는 선생님을 죽이려고 가슴에 품은 흉기로 그 배교자 선생님에게 도움을 구하려고 철조물을 두두리는 장면에서 우리는 우기가 가지고 있는 무기를, 신념을, 종교를 어떻게 써야 하는지 분명한 답을 다르데 형제는 주고 있다. 바로 남을 변화시키려고 쓰는 것이 아니라 자신을 위해, 자신을 살리기 위해 써야 되는 것이다."
10,"사랑 앞에서도 동경하던 천국문이, 죽음 앞에서는 지푸라기를 잡는구나.."
10,"타란티노였다면 대책없는 막장 종교힙찔이로 묘사했을 싸이코 킬러의 탄생기를, 다르덴 형제는 이처럼 정연하게 표현했다."
8,신념에 잠식되어 어디로 가는지 모르고 달리는 소년에게 다르덴 형제는 말 없이 지켜보다 조용하게 손을 건낸다. 언제나 희망을 놓지 않는 그들의 시선에 경의를 표한다.
7,광신도 소년의 내적 성장기
7,이 영화보면 이슬람교를 나쁜쪽으로 생각하는 사람들이 많아질거 같아요. 배신하는 사람들은 살해하라는 알라의 뜻인지 끝까지 어린애가 죄없는 여자선생을 죽이려하네요.
8,자신이 굳게 믿고 있는 신념일지라도 인간과 사회가 분리된다면 끝없이 회의해야함을 느낀다. 사람은 사람에 의해서 영향을 많이 받기에 올바른 스승과 사람들과의 연대가 중요함을 또한 그러한 사람이 되도록 끊임없이 사람과의 대화가 필요하다.
6,"정말, 영화의 끝이 변화의 시작일까"
8,너를 묵묵히 응원하는수밖에
10,"이 영화를 보고 영화관을 나오자, 머리 속에서 다시 시작되는 영화 ..모든 결정은 인간 몫임을.."
비바리움
10,오은영 선생님이 절실했던 영화
7,"자유라는 선의로 포장되어 있으나 실상은 한정된 선택권속에 그들이 제공하는 의식주를 소비하며 그들의 감시체제 하에, 그들의 기득권을 유지해주기 위해 끊임없이 희생되는 소시민들의 고단한 인생여정."
10,생각을 많이 할 수 있는 영화입니다. 씁쓸해지면서도 공감되고 소름끼치기도 해요.
7,보금자리같은 미로에 영원히 구속된 가족이라는 사슬
9,"개인적으로 제목처럼 외계인의 실험장 같은 느낌이 듭니다, 인류를 모방한 생물로 인류의 생태를 관찰.단순히 집을 보러 온 사람들은 운이 없는 거겠죠 인간이 아무 곤충을 잡아서 관찰하는 것처럼..."
8,유오성 해외진출작 ㅇㅇ
10,큰돈들이지 않고 큰 CG효과 없이 이렇게 현실적인 공포를 만들수 있는 천조국이 부럽다..
10,그냥 미스터리 좋아하는 사람은 평점 10점짜리임
8,다시는 들을 수 없을 줄 알았던 음악과 남자의 마지막 고백은 비극적인 결말에 한줄기 희망이었다. 영화는 악마의 메세지가 겻들어있지만 결국 우리가 한가지 깨달을 수 있는건 냄새를 맡고 맛을 느끼고 음악을 듣고 사랑을 하고 아이를 낳아 기르는 인간의 삶은 그 자체로 무의미하지 않았다는 것이다. 단지 우리가 그 소중함을 잊고 살뿐.이 영화는 현대인을 잔인하게 벌하고 비판하는 한편의 풍자극 이었다.
6,설정은 독특하나 영화보다가 내가 돌겠군..^&^
시네마 천국
10,배경음 love theme의 감동적인 선율과 영사기에서 나오는 달콤한 키스 장면들을 보며 토토의 회상에 젖은듯한 애잔한 표정 지금도 잊을수가 없다.
9,불멸의 명작. 영화인을 꿈꾸는 사람이라면 반드시 봐야할 영화
10,"탄탄한 스토리와 거장 엔니오 모리꼬네가 만들어낸 최고의 영화. 몇번을 봐도 마지막장면에선 항상 토토와 함께 눈물을 흘린다. 우정, 사랑, 추억이 어우러져 가슴을 절로 아련하게 만든다. 숨은 이야기가 담긴 감독판으로 재상영 했으면 하는 바람이.."
10,20년이 훨씬 지났지만 아직도 생각하면 가슴이 벅차네요...
10,오랜만에 다시 보아도 너무 예쁘고 사랑스런 눈물나게 하는 영화
10,지금 극장에 걸려 있는 건 축약판(123분). 축약판만 보신 분들은 꼭 감독판(173분)도 구해서 보시길. 전혀 다른 맛을 느낄 수 있음. 나는 개인적으로 감독판을 훨씬 더 좋아함...훨씬 더 뭐랄까 맛이 깊어서.
10,"10대에 보았다 그때는 왜 눈물이 그치지 않는지 알수가 없었다. 30중반 이제서 다시 보고 알게 되었다.. 첫사랑같이 추억은  아름답지만  그립지만 다시는, 다시는 가질수없는 안타까움 때문이다."
1,영화관에서 절대 보지말아라 이야기를 끌어가는 주요 이야기인 엘레나와 토토의 재회부분을 끝에 통째로 들어냈다. 상영시간 때문에 그랬을거지만 이건 범죄 수준에 가깝다. 번역도 개판이고 이 영화를 진심으로 사랑하는 사람으로써 배급사 죽여버리고 싶다.
10,아 근데 재개봉 버전 뭐이렇게 삭제된 장면이 많냐;; 후반 엘레나 시퀀스는 통째로 삭제됐네
10,삶의 모든 것이 들어있었다 ㅠㅠ
주식회사 스페셜액터스
9,너네 정체가 뭐야???
10,우에다 신이치로의 성공이 거짓이 아님을 증명한 코믹 수작!
10,ㅋㅋㅋ우에다 신이치로 감독이 우에다 신이치로 함
8,역시 장르를 가르는 감독이었다. 이 세상 가장 알다가도 모를 거대한 치유극.
10,귀엽고 사랑스러운 코미디 ㅋㅋ
10,카메라를 멈추면 안 돼를 재밌게 본 사람이라면 만족할듯ㅋㅋ
10,카메라를 멈추면 안돼 재방송.  정말 영화 내내 잘 버텨준 내게 더 큰 감동을 받았다.
부활
10,"신앙의 유무를 떠나 한 사람의숭고함에 가슴이 먹먹해지며자신을 돌아보게 만드는 영화였습니다.이태석 신부님이 돌아가셨을때우리는 의문을 가졌습니다.&#39;왜 할 일이 많은 젊은 사제를 불러가셨나고요&#39;하지만 우리는 지금 알고 있습니다.신부님의 죽음은 한 알의 밀알이 되어수많은  열매를 맺었다는것을요.신부님의 모습을 늘 기억하는 제자들의삶에서도 하느님의 현존하심을느꼈습니다.&#39;가장 보잘것없는 이에게 해 준것이바로 나에게 해 준것이다&#39;라는말씀을 품고 산 신부님의 삶이야말로제 인생의 좌표같은것입니다이기주의와 욕심으로 얼룩진이 현실에서 샘울같은 신선함으로우리를 일깨워주는 다큐영화,소위 돈 되는 영화도 아니지만이렇게 만들어 주셔서참 감사드립니다"
10,한사람의 희생과 죽음으로 끝난것이 아니라 그의 선함에 대한 영향이 재창출되고 부활되어 수십명의 또다른 이태석 신부님이 자라나는 것을 보면서 가슴 한곳이 저린 영화였습니다.
10,"마음이 따듯해지는영화..요즘 코로나로 다들 너무 차가운데,.. 마음 한켠이 먹먹하고 뭉클해집니다..특히나 의사로 성장한 아이들...정말 눈물나고 마음이 좋네요....강추합니다"
10,"이태석 신부님은 계시지않지만, 신부님이 베푸신 희생과 사랑은 영원히 남아있다는것을 알 수있었던 영화였습니다.개인주의, 이기주의적인 현대시대에 자신의 삶을 다시 한번 되돌아보고 생각하게 만들어줍니다.각자가 꼭 한번씩은 보고 깊히 생각할 기회가 되었으면 좋겠습니다."
10,‘너희가 이 가장 작은 이들 가운데 한 사람에게 해 준 것이 바로 나에게 해 준 것이다.’라는 말씀을 실천하신 신부님. 섬김의 삶을 통해 톤즈의 아이들의 삶을 바꾸고 그들이 다시 &#39;이태석&#39;신부가 되어 섬김의 삶을 사네요.보는 내내 눈물이 나네요.
10,요즘 같은 세상에 진정한 사랑을 본것같다
10,"아직 자식은 없지먼 자식은 부모의 거울이란 의미를 확실히 깨달은 영화이고, 너무 감동적이고 여운이 가시질 않습니다. 울지마톤즈를 안봐도 공감할 수 있는 내용들이고 나를 다시 돌아볼 수 있는 영화였습니다. 코로나로 삭막해진 이시기에 좋은 영화 감사합니다."
10,"이태석 신부님이 뿌려놓은 씨앗들이 헛되이 흩어지거나 말라죽지 않고, 얼마나 단단히 뿌리를 내렸는지 알 수 있었다. 한 사람이 지구 반대편에 미친 선한 영향력에 얼마나 큰지... 이태석 신부님은 예수님같은 분이셨다. 사랑을 몸소 보여주셨고, 말씀을 실천하셨다.지구 반대편,  총 소리가 끊이지 않고, 부족이 다 다른 남수단에서 음악이, 희망이 피어나게 하신 그 희생...사후 10년뒤 의사, 약사, 방송인이 된 수많은 제자들로 열매맺었다. 신부님의 사랑에 영화내내 눈물이 흘렀다.감사합니다. 당신의 희생으로 예수님의 사랑을 보았습니다."
10,한사람의 희생의 밑거름으로 세상을 변화시키는 그의제자들미래가 없었던 작은 나라의 마을에 희망의 불꽃이 되어 먼 훗날 세상을 변화시키는 작은 걸음이될수 있으면 하는 마음이 들게하네요악해져만가는 마음을 깨끗게 하는 영화입니다
10,"처참한 내전의 땅에서 새로운 미래를 꿈꾸고 만들어가는 남수단의 청년들의 도전에 박수를 보내며, 꼭 한 번쯤 보고싶고, 느끼고 싶던 영화였습니다."
킹 오브 프리즘 올 스타즈 -프리즘 쇼☆베스트10-
10,동성애 혐오자들아.. 2D 남자는 에이즈 안 걸려요....  불쌍하니까 프리즘의 여신님께서 뚝배기 깨드릴 겁니다.. 다시 태어나면 꼭! 은시우의 엉덩이 꿀이 되는 축복을 받으시길.... 파이팅!
10,올해 최고의 애니입니다
2,이 뭔 오타쿠들이지...?
2,
1,그냥 존나 별로임 재미없어..
10,
10,
1,욱십욱우웩에에엑
10,너무 좋아요! 앞으로도 많이 내주세요
10,거의 모든 무대를 한번에 볼수있어서 너무 좋았어요!!
존 윅
10,"빵점주든 말든 상관없어 나는 개 통쾌하게 봤으니깐.. 이 영화를 보게됨으로써 내 심장을 뛰게하고 아드레날린을 솟구치게 스트레스를 풀면 됬지 무슨 개연성, 스토리 연연하고 있어.. 난무튼 개 통쾌하게 봤다."
10,'그까짓' 개 때문에 라고 하는데 존윅한텐 '그나마 있던' 개였다..
10,개연성 타령하려면 제대로 보고 개연성 타령해라. 단순한 개가 문제가 아니라 그 개가 담고있는 의미도 같이 생각을 해야지.
10,난 총으로 이렇게 멋있게 싸울수있는줄 처음 알았어. . 진짜 키아누리브스는 상남자 연기 쩌시는듯
10,"이 영화가 &#39;아저씨&#39;나 &#39;용의자&#39;같은 영화보다 평점이 낮다는게 참ㅋㅋㅋ. 8점대넘는 국내 액션영화들은 스토리 개연성있고?ㅋㅋㅋ 나도 스토리 따지는사람이지만 이 영화는 스토리 갖다버려도 연출력, ost, 그리고 배우들 연기력만으로도 충분했던"
8,사람은 자신의 본성을 바꿀 수 없다. 주인공은 사랑하는 사람으로 인해 본성을 최대한 죽이고 다른 삶을 살고자 했다. 하지만 개가 발단이 되어 죽었던 본성이 살아나게 된거다. 그러니 개 한마리 때문에.. 라는 얘기는 그만들 하시길...
10,간만에 본 키아누리브스 영화 중 최고!!
10,영화나 보구 점수줘라!! 이런게 영화야 영화!!!
10,이 영화를 보면서 이퀼리브리엄이 떠올랐다..그만큼 재미있다는거지.
9,본격 개를 통한 힐링 액션물ㅋㅋㅋㅋ 사운드 빵빵하고 액션도 빵빵하고 설정도 군더더기 없이 깔끔하다. 괜한 어줍잖은 감성팔이 스토리로 액션영화 만든 것 보다는 낫다. 그러게 왜 개를 건드려가지고는. 조막만하더마. 때릴 때가 어딨다고.
큐리오사
4,처음부터 끝까지 홀딱 다 벗고 나옴...적나라하게 다 나옴....대낮인데 영화관안에 6070대 할배 및 50대 아재들만 있더군...난 중간에 나옴....재미없음...
8,엄 ~~~청 야해요보는 사람이 민망하네요전체적으로 볼만해요
8,조금은 진부하나 마리가 예뻐서 집중가능
10,야하지만 뭔가 좀 복고적인 예술느낌을 주는 영화.
5,상황은 자극적이지만.. 영상과 연출은 평이하다.
2017 동명이인 프로젝트
10,
6,
2,음.. 별로 에요...하라ㅎ
10,컷없이 대사 주고받는데 ng 많이 났을 것 같다. 김다미 배우님 연기 잘봤습니다
10,
1,하아암...
루비
10,영상미와 연출력이 돋보이고 영화적상상력과 연극적요소를 너무 잘배합한 영화...
10,흑백으로 제작한 이유가 참 설득력있게전개되는 작품으로 연극과 영화의 요소들을 적절하게 연출해서 직장인들의 고민과 현실타협의 아이러니한 경계선을 독특하게 표현했다
5,흑백의 영화와 연극적 요소가미
10,"배우들의 연기와 흑백영상이 빚어내는 동시대의 잿빛 미래, 그리고 그 앙금들이 남긴 무늬"
10,"독립영화는 정말 오랜만에 봤음. 연극적인 느낌, 사실감을 느낄 수 있는 그런 영화. 만족"
10,
10,"낄낄 거리면서 보다가도, 뭔가 숨이 턱 막히는 기분..."
10,착잡하지만 이게 현실이라는게 너무 슬프네요
10,"영화와 공연, 실제와 상상을 오가는 표현이 흑백이라는 장치와 잘 맞물린 수작. 배우들 연기가 신선했다."
1,평점 조절용 평점
카페 벨에포크
10,내 '벨에포크'는 언제인지 생각하게 되는 영화! 영상미도 너무 이쁘고 무엇보다 핸드메이드 시간여행이라는 컨셉이 너무너무 신박했음!
10,익숙함에 속아 소중함을 잃지말자란 말이 떠오르네요
9,"""세상이 큰 재떨이 같았어."" 마리안에게는 어둠의 1974년이 빅토르에겐 찬란한 빛이었음을."
10,감동이다.. 눈물났다 할아버지 눈빛과 연기에. 늙어도 사랑은 필요하고 추억을 공유한 옆에 있는 사람에게 잘해주자
10,매력적인 시간여행 로맨스! 아 이 맛에 로맨스 영화 보는거지 싶었다. 소중한 사람이랑 같이 보면 더 좋을 듯
10,뜻밖의 감동과 여운이 길게 남는 영화. 마지막 엔딩 꼭 놓치지 마세요. 눈물이 왈칵 나서 혼났어요.. 강력 추천합니다!!
6,아쉽다 높은 완성도를 가질수 있었을거 같은데..2프로 부족한 영화
10,"추억으로 남은 과거는 사랑스럽고 달콤하다. 초심을 떠올릴 수 있다. 그러나 거기에 함몰되면 안 된다는 듯, 마지막에는 모두의 담배가 꺼진다. 아쉬운듯 과거의 환영을 보며 잠시 담뱃불을 붙여보지만, 이내 금방 꺼버린다. 아름다운 순간에 항상 머물 수는 없기에..."
7,초반 적응하는데  인내심이 필요한 프랑스감각영화.15세가 관람할 영화는 아닌것같은데..
10,너무 독특하고 사랑스러운 영화 ㅠㅠㅠ 오랜만에 로맨스 영화 본건데 대만족.. 한국에서도 꼭 리메이크됐음 좋겠어요
패왕별희 디 오리지널
10,최고의 영화.. 아직도 가슴이 먹먹하고 눈물이 나온다. 장국영이 보고싶다.
10,이 정도면 인류의 유산이라고 평가하고 싶다.
10,내 인생 최고의 영화. 나의 영화감상은 패왕별희를 보기전과 보고난 후로 나뉘어질 정도다. 평점 10점도 짜다고 생각함. 시나리오의 탄탄함과 그것을 완벽함으로 이끌어낸 배우들의 연기력. 최고다.
10,"20여년전 어릴 적 봤을 때도 임펙트가 대단했는데 나이먹고 보니 더 대단하다...패왕별희를 능가할 중국영화가 다시 나올 수 있을까도 궁금하다...장국영은 이 영화로 영원히 살아 숨쉬는거야,.,."
10,극 속 우희의 삶도 삶이지만 집단 사고가 얼마나 무서운 전염병인지 절실히 느꼈다. 누군지도 모를 사람의 한마디에 휩쓸려 인민들이 쉽사리 말을 바꾸고 목청을 높이는 대목이 너무나도 소름끼쳤다...
10,"물밀듯 쳐들어오는 한나라 앞에서 자결한 우희, 물밀듯 쳐들어오는 시대 앞에서 자결한 데이."
10,"역시나 지금까지 인구에 회자되는 명작은 다르다. 인생과 사랑과 예술과 역사가 서로 오묘하게 교직되어 공명하면서도 충돌하고, 모순되면서도 합일을 이루어낸다. 어떤 영화가 인간의 삶을 이토록 다양한 각도에서 총체적으로 그려낼 수 있단 말인가"
10,보다 미칠수도 있음 ....
10,지림
8,예술은시대로부터자유로워야한다
톰보이
10,"기자들 리뷰가, 특히 박평식 마저...너무 좋아서 궁금했던 작품. 근데 영화를 보고 나니 그 리뷰들은 이 영화의 진짜를 반도 담아내지 못한 느낌이다. 로레야 사랑해~!"
10,톰보이 너무 좋게 봤어요... 잔잔한 듯 하지만 감정적 스릴러라 불러도 좋을만큼 강렬하고 여운이 깊은 영화였습니다. 특히 로레에게 많이 공감됐어요.. 어릴 때 나에게로 돌아가서 이 영화를 보여줄 수 있다면 좋았을 거라고 생각하면서 크레딧이 올라가는 내내 울었습니다. 두고두고 꺼내보고 싶은 영화예요..
8,아이가 자신의 존재와 의미를 온전히 받아들일 때까지 어른은 어떤 자세를 취해야 하는가 생각해보게 된다.
10,파란색 원피스가 이처럼 폭력적으로 다가올지 몰랐다.
10,햇살처럼 따듯하고 상큼한 영화 . 요즘같은때 보고 힐링하고 싶은영화 . 내 청소년기 생각이 났어요. 그리고 부모님들도 보시면 생각할꺼리가 많은 영화라고 생각해요. 강력추천합니다
10,셀린 시아마 감독의 섬세한 시선이 담겨서 너무 좋았다ㅠㅠ
10,잔의 통통한 손이 카메라에 잡힐때마다귀여움에 죽을뻔함...두 자매의 매력.. 아이의 성장기..
10,로레건 미카엘이건 무슨 상관이겠어
10,"숨고 싶은, 숨기고 싶은 세상을 만든 어른 중 한 사람으로서 미안해."
9,와우 그들의 마음이 이렇게나 잘 이해되다니..
이장
10,진짜 이건 찐영화네요 연기력도 다들 넘 좋으심
10,대박적ㅋㅋㅋ 재미있다는 얘기는 들었는데 이정도일줄은 몰랐음 올해의 영화를 만난 기분
10,"연기자들의 탄탄한 내공, 감독의 유머가 합쳐진 리얼한 오남매의 이야기.. 한국독립영화 수준이 많이 높아진것 같습니다.온가족이 함께가서 보면 좋을듯..추천합니다."
10,좋은 영화^^ 재미있게 봅시다^^
10,지난해 무주영화제에서 본 영화 정말 잊지 못할 가족애와 복잡한 우리나라 가부장제.. 남아선호 등등의 복잡한 삶이 영화속에... 후회없을 기억에 남을 영화?
8,상당히 인상적이다. 가부장제에 대한 반항이라는 다소 식상한 주제를 비범하게 만들었다. 배우들의 빈틈없는 연기가 일품. 대립이 아닌 또다시 가족이라는 결론은 묵직하다
10,"옹기종기 모여있는 장면이 너무 애틋하고 좋다. 말이 없어도, 뭘 하지 않아도, 그저 그렇게 옆에 있기만 해도 좋지 않은가. 가족이란게."
7,굴레 굴레 해도 이만한 굴레가 있을까? 그럼에도 버릴 수 없는 이유. 이 영화에 있다. 리얼해서 공감되는 수작.
10,배우들의 찐 연기 연출의 섬세함 좋습니다
10,내용 너무 재미있어요!  추천합니다~
전망 좋은 방
8,키스신이 굉장히 로맨틱한 영화 스토리도 산뜻하고 아기자기하다
8,이런게 영화지...
9,책을읽는 분위기네요
9,"세상에나.. 이렇게 아름다운 명작을 지금서야 보다니.. 장면 하나하나.. 한 폭의 멋진 &#39;그림&#39;들을 보는 듯한 느낌이다. 유난히, 인상적인 키스씬들이 아름다운 풍경들과 멋드러지게 연출되었으며, 철없는 귀족아가씨가 이룩한 정신적인 성장도 감동으로다가옴."
8,잔잔하고 로맨틱하다. ost와 풍경의 조화도 굿
8,이영화는 한 번만 보면 놓치기 쉬운 대사가 많다.대사를 꼭꼭 씹어 먹고 싶른 영화!!
8,전에는 보지못한 열정과 자유가 있는 로맨스.ㅋㅋ 낡았다고 새로운 것이 없는 것이 아니다. 명작은 시대를 통하는 것. 게다가 덤으로 이제는 관록의 명배우들의 과거까지 감상가능하네. ㅋㅋ
9,"배경,음악,, 헬레나의 여리한 얼굴이 좋다. 감성충만영화"
8,잔잔한 연애소설을 읽는 듯한 두근거림과 함께 아름다운 배경들이 감성을 자극했던 영화예요. 피렌체에 여행갔을 때 영화에서의 전망을 상상하며 호텔방창턱에 앉아보던 기억도 나네요. 오만과 편견이나 제인에어를 감동깊게 봤던 분이라면 강추!
10,"누군가의 전유물이 되기 전에 사회의 구속에서 벗어나, 진실한 사랑을 얻게되는 루시."
인비저블 라이프
10,먹먹하다..누구에 의해 내 삶이 좌지우지되지 않기를. 내 자신으로 살아가기를.
10,"영화의 마지막이 조금 아쉬었지만, 영화 중간중간의 장면들에서 생각해볼 수 있는 것들이 많은 영화입니다. 특히 동생 역을 맡은 배우가 관계 후 거울 앞에서 남편과는 대조적인 얼굴을 하고 있었던 부분은 충격으로 다가왔어요. 여러모로 충격적이고, 많은 것들을 생각해 볼 수 있게 한 좋은 영화였어요."
10,좀비 영화 보다가 이거 보고 힐링 받았네요..
10,최근 봤던 여성서사 중 단연 최고!
10,개봉 전 평론가 평점이 높아 기대했던 작품인데 엄청 충격적이고 감동적입니다.. 특히 브라질의 영상미가 인상 깊었네요. 굿
9,격정적인 역사의 흐름속에서 저들만의 투쟁으로 쟁취해냈던 개개인의 처절한 삶. 그 속에는 좌절과 분노도 있었지만 숭고한 희생과 사랑도 있었다. 보이지 않는 삶을 산 모든 그녀들(그리고 그들)에게 이 영화를 바칩니다.
10,애비xx랑 남편xx 죽여버리고싶ㅇㄷㅁ
10,올해 봤던 영화 중 제일 좋았음. 강추
10,보는 내내 마치 예술작품같은 영상미에 반했습니다. 브라질 영화가 대세라던데..
8,"영화에선 보여지지 않은 그들의 삶을 상상해본다. 말해주지 않는 감정을 떠올려본다. 쉽사리 연민하지 않고 손쉽게 안도하지 않는다. 그저 나타난 표정을 바라본다. 보이지 않는 삶을 바라보는 건 사실 자신의 마음을 들여다보는 일인지도 모르겠다. 아니면, 자신의 마음에 닿기 위해, 스스로를 지탱하기 위해 누군가가 필요한 걸지도 모르고. 더는 볼 수 없더라도 우린 그 누군갈 기억하고, 또 만나며 살아간다. 보이지 않는 서로의 삶을 간직하며 사랑한 두 사람처럼."
라라랜드
9,'그래도 우리 잘 해냈지?'라고 말하는 듯한 마지막 눈빛교환이 잊혀지질 않는다
9,"와..그냥 감탄밖엔 안 나온다. 영상미며 음악이며..조폭, 건달, 검사, 신파 좋아하고 실험을 꺼리는 한국의 기성 영화인들 반성해라. 이제 겨우 두 편 만든 신인감독이 이 정도다"
7,처음 들을때는 몰랐다 이 음악이 슬퍼질거란걸
10,"꿈과 사랑, 우리는 항상 성공인지 실패인지 평가만 해왔다. 하지만 라라랜드는 말해준다. ""봐! 꿈과 사랑, 그 흔들리는 파도가 얼마나 아름다운지"""
9,마지막 회상신에서 처음과 달리 키스신으로 스토리시작될때 진짜 소리지를뻔...
10,내일 죽으면 오늘 보러 갈만한 영화
10,마지막 10분 동안 휘몰아치는 감정의 소용돌이에 결국 눈물이 흐르게 만드는 마법같은 영화. 노트북 때에도 그렇고 라이언 고슬링은 이런 역할에 도가 튼 것 같다.
10,연인들을 위한 영화가 아니다. 여성관객들을 위한 영화도 아니다. 이 영화는 꿈꾸는 모든 이들을 위한 영화. 인생을 논하는 영화.
10,운행종료한 놀이공원에 노래가 계속 나오는 것같다.
10,재즈가 이토록 설레고 이렇게 슬프다니.라라랜드는 슬픔과 환희의 설레임이다.
타오르는 여인의 초상
10,뒤돌아 보라고 했을 때 나도 모르게 속이 미어왔다
10,2020년 최고의 영화
10,이 영화에 소피가 있어서 정말 좋았어요. 그 이후에 소피는 어떻게 살았을지 궁금했어요.
10,예술과 사랑을 동등한시선으로 표현한 영화가 또 있을까 모든장면이 소중하고 완벽하다
10,내가 로맨스를 싫어하는게 아니었구나.
10,당신을 그리러 왔어요.
10,"여운이 긴 명작. 아직도 비발디의 사계-여름 3악장이 귓가에 맴돌고 전율이 가시지가 않는다칸 각본상을 수상한 셀린시아마 감독은 연출력도 어마무시하다 카메라의 구도나 기법이 단 하나도 거슬리지않고 어느 장면에서 정지를 눌러도 명화처럼 예술작품이 될 수 있다고 느낀다불과 물, 자연경관도 이 영화의 예술성에 톡톡히 기여한다아델에넬과 노에미메를랑의 시선으로 촘촘히 짜여있어서 몇번을 봐도 새로운 구석이 보인다 첫번째에는 대사에 집중, 두번째에는 표정, 세번째에는 눈(시선) 네번째엔 디테일....프랑스영화여서 거의 모든 영화제에서 하필이면 기생충과 외국어영화상을 두고 맞붙고 있는데 어느쪽을 응원해야할지 모르겠다마지막으로, 이 영화는 모든 여성들이 기다려온 여성서사 작품이다. 아름다워서 미쳐버릴수도 있는 영화라고 확신한다"
8,"파괴적인 결말이 아니라서 좋았다. 살아있으면, 기억할 수 있으면 된 거다. 그럴 수 있다면 슬프지만은 않다."
10,"이렇게 포르노스럽지 않고 독립적인 시선으로 여성을, 레즈비언을 그려낸 영화는 처음인 것 같다. 상영관이 더 늘어서 많은 사람들이 봤으면 좋겠다."
9,"소위 퀴어무비로서도 완성도가 좋지만, 사적 영역(여성간의 금지된 사랑)으로써 당대의 거시적이고 역사적인 맥락(평등을 추구한 18세기 프랑스 혁명)과, 익히 알려진 그리스 신화로 표상되는 사랑의 불멸성 및 초시간성까지 담아냈다는 데 이 영화의 훌륭함이 있는 것 같습니다. 연출과 영상미, 배우들의 연기력 등 거의 모든 요소가 뛰어나지만, 가장 압도적인 면은 감독이 이 주제 의식을 많은 관객들을 전율시킨 보편성을 획득하도록 어떻게 엮어냈는지라 생각합니다. 퀴어무비나 여성영화라는 범주에서만 평가된다면 유감스러울, 천의무봉에 가까운 영화."
야구소녀
10,두산 뭐하냐 유희관 보다 구속 빠른데 영입 안하네;;
10,"보는 내내 주수인을 응원하게 된다. 그 누구도 아닌, '나'를 넘어서기 위한 한 사람의 제대로 된 도전"
10,자라나는 모든 여자 아이들이 봤으면 좋겠습니다.너희에게 한계란 없어
10,모두가 안 된다고 할 때 자신의 꿈을 향해 달려가는 직구
10,끝날때까지 끝난게 아니다...! 주수인을 응원하는 동시에 나까지 성장하는 기분!
10,나 정말 궁금한 게  그냥 여자가 주인공이면 페미 영화임?? 도대체 뭐가 문제인데 이러는 거지...? 여자는 주인공하면 안 됨?
8,성별을 넘어서 프로 야구 선수를 향해 가는 주수인의 여정
10,그 무엇이든 성별이 장단점이 될 수 없다는 당연한 것을 다시한번 깨우쳐주는 영화최고의 영화
10,"꿈을 향해 노력해 본 사람, 좌절해 본 사람, 모두를 위한 영화. 함께 파이팅 외쳐주는 기분이 드는 영화였다."
10,영화 속 주수인은 차분한듯 보이지만 강했다. 누가 뭐라해도 자신의 길은 자신이 택하는 굳센 주수인.
피아니스트의 전설
10,잘못눌러서 본영화인데 잠깐보다가..다봤다...최고다이영화
10,언제봐도 명작이다. 너무나도 절절하고 엔딩크레딧까지 모조리 듣게만드는 영화. 팀 로스의 눈빛이 아직도 잊혀지지 않는다.
10,"정말 사랑스런 작품이다. 작품 속 모든 배우들이 이렇게 조화로울수가 없다. 팀로스의 떼 묻지 않은 소년과 같은 그 연기, 정말 살아있는 연기가 뭔지 너무도 섬세하게 보여준다."
9,최고의 음악 영화 중의 하나!
10,"이 영화?학교음악시간에 보여준영화, 음악관련 최고의 영화, 내가 본 피아노 영화중 최고의 영화, 심지어 말할수 없는 비밀에서의 피아노 배틀이 약해보이기까지 했던 이 영화의 피아노 배틀은 매우 인상적이였다"
10,이 영화는 킬링타임용으론 부적절...
10,눈물흘렷다 감동적이다 꼭봐라 두번봐라 세번봐라 볼때마다 약간씩느낌이다르다 한번보고 10년뒤에 한번더봐라 감동을 두번느낄거다
10,배에서 태어나 세상을 배로 제한해놓고 사는 주인공.. 어쩌면 그 유한함이 그의 삶을 더욱 빛 나게 할 수 있었기에 영화가 더 감동적이었지 않나.. 가끔 ost 앨범을 듣는데 곡 하나하나에 에피소드가 있어서 듣는 내내 영화내용이 머릿속에 그려지는..
10,팀로스의 연기와 엔리오 모니꼬레의 음악이 만나  최고의 영화를 만들어 냈습니다. 마지막에 결국 눈물이 날 수 밖에 없었던 영화입니다
10,말이 필요한가?
찬실이는 복도 많지
10,"돈 되는 영화가 아니라, 볼 만한 영화가 잘 되야 한다."
10,"코로나로 일도 끊기고, 결혼도 안한 30대 중반의 여자가 이 영화로 위로받고 갑니다. 진솔하지만 빵빵터져요"
10,너무나 사랑스러운 영화ㅠㅠ 강말금님의 맑고 상쾌한 연기 꼭 보고 오셔유!!!
9,"꿈과 일에 청춘을 바친 이들에게 공감이 될 영화, 예고편을 보고 희망을 주지 않을까, 극장을 찾았다. 피식피식 웃다 찬실이가 울 때 따라울었다. 청춘을 바친 쓸쓸한 이들만이 알 수 있는 슬픔... 2020년 3월 5일, 찬실이에게 장국영이 나타났다면 내게는 찬실이가 나타났다. 그리고 함께 울고, 함께 위로해줬다. 지금, 꿈으로 힘든 이들이 있다면 꼭 이 영화를 관람하시길 추천한다. 내 생에 있어 이 영화는 절대 잊지 못할 것 같다. 감독님, 배우님, 스태프님 모두 수고하셨습니다. 코로나에 힘드실텐데 제 감상평이 위로가 되었으면 좋겠습니다. 고맙습니다."
10,"그렇지!!! 영화는 이런거지. 돈 많이 들어간다고, 유명배우 많이 나온다구, 미장센에 돈 많이 쓴다고, CG장면 많다고 좋은 영화가 아니다. 잔잔하지만 많은 사람이 공감할 수 있고 본인도 모르는 사이 주인공을 마음으로 응원하고. 이유는 모르겠지만 나의 눈시울은 뜨거워지고, 영화를 보고 나와 나 자신의 요즘 자세를 반성하며 다시 열심히 살아야지 하는 다짐을 스스로 하게 만든 영화 &#39;찬실이는 복도 많지&#39;. 김초희 감독님 감사합니다. 이 어려운 코로나 시기에 이런영화를 만나게 해주셔서. 찬실이도 저도 2020년에 복 많이 받았으면 합니다."
8,난 내가 하고싶은것만 해 대신 애써서해그래서 오늘은 코로나를 무릅쓰고 찬실이를 보고 왔습니다ㅎ
10,신선함과 유치하지않은 위트 메세지까지 모두잡는영화
10,복 많은 찬실이! 보고나면 나도 덩달아 복이 많아지는 느낌이다! 많은 사람들이 봤으면~~
10,오스 야스지로랑 크리스토퍼 놀란이랑 장국영이 나오는데 어떻게 안 봐요
10,"마음에 위로를 주고, 즐거움도 남겨주는 영화! 우리 존재 화이팅!"
#살아있다
2,개연성 진짜....할 말 없음
2,영화보다 중간에 나온적은 처음~ 저런좋은배우를 가지고 이따구영화를 만들다니ㅜㅜ
4,유아인 그 똑똑한 배우가 왜 이런 영화를 택한건지 좀 의문이에요..
1,노잼;;
1,요즘같은 양질의 영상들이 유튜브에 썩어나는 세상에 이런 영화가 영화관에 나오네요 최악입니다 진짜ㅋㅋㅋㅋ 시간과 돈이 썩어나고 넘치는 사람만 보세요. 영화를 보는것과 동시에 충격 혼란 당황 슬픔 분노를 동시에 느낄 수 있고 예고편이랑 본영화랑 내용이 다를것이 없는 영화도 존재한다는걸 처음 깨달았네요 정말 영화가 궁금하신분은 예고편만 보세요 그게 전부니까.
6,개연성이 1도 없던 영화 안씻고 굶어도 탱탱한피부 탈색머리 유아인은 한달이지나도 머리가 그대로. 좀비들은 선택적으로 문다.
2,진짜 좀 개판이긴 함ㅋㅋㅋ 개연성도 없고 마지막 헬기 소음이 얼마나 큰데 헬기 등장씬도 말이 안됨 헬기가 아파트보다 낮은 고도로 저공비행하다가 거기서 나오는건 무슨 007도 아니고 ㅋㅋㅋㅋ
1,18 기대졸라하구봤는데 진짜벙찌네; 깡통도 많이 남았는데 박신혜 구사일생으로 탈출해서 갑자기 총 왜 유아인 주고 쏘라고함?; 개어이없음; 걍 가만히 앉아서 방에서 안전히굶어죽으면 재미없응께 주인공들은 조나 어이없게 사방팔방에서 오는 좀비들 물리치면서 기어나옴 좀비가 옆에서 가만히만 있으면 모르고 지나가기도 함; 어이없음; 마지막 헬리콥터는 무슨 밑에서 기어올라오냐? 진짜 내용 단순막장 에구 좀비분장 세트만들고 참 본전 뽑을수있을까? 박신혜는 지겹다 고만좀 나와라; 끝.
1,유아인이 나혼자산다에 집자랑하러 나왔겠냐..말아먹을영화인거 아니까 그렇게라도 홍보하러 나온거지ㅋ
2,영화 끝나고 생각나는건 진라면과 짜파게티 뿐이다
베스트 오퍼
10,올드먼이 경찰서까지 갔지만 클레어를 회상하며 고발하지 않은 이유는 이 모든 가짜극 속에서 그녀 만큼은 진품의 면모이길 바라는 마음에서 아닐까...
10,이렇게 몰입도가 높은 영화는 처음입니다. 최근 몇 년간 본  영화 중에 최고입니다. 정말 거장의 작품답습니다.
9,마지막에 카페에서 클레어를 기다리는 버질의 모습은 잊혀지지 않을 것 같다
8,오리지널을 추구하던 주인공이  카피된 사랑에 빠졌지만 그 카피된 사랑이 본인에게는 오리지널이 되어버린...
10,"감독 믿고 본 영화. 스토리, 영상, 음악은 말할 것도 없고 제프리 러쉬 연기는 갑 오브 갑"
10,먹먹하면서 아름다운 이야기에 최고의음악들이 영화의 분위기를 더욱 고조시키네요
10,여러분 모태솔로가 이렇게 위험한겁니다.
10,초기에 반전을 예상했는데도 영화 보는 내내 소름이 돋다 못해 전율이 일었다.. 이토록 완벽하고 가슴아픈 반전은 없을것이다. 무엇하나 완벽하지 않은 것이 없는 영화!
10,최고의 명작을 만났을때의 제시할수 있는 최고가는 그전까지 살아온 인생이구나
8,난 여자가 보캉송의 숨겨진 안드로이드라는 반전을 기대했는데...
카메라를 멈추면 안 돼!
9,넌 리허설 때부터 잔소리가 뭐 그렇게 많아!!
10,인터넷 평점 보고 찾아간 허름한 맛집 같은 영화였습니다. 처음엔 잘못 왔나 꽝이었나 싶지만 가게에서 나올 때는 어느샌가 그 맛에 반해 자신도 남에게 추천하고있는 맛집과도 같은 영화입니다. 절대로 화려하진 않지만 재밌는 영화였습니다.
10,한국 코메디 영화들 반성하자.
10,오프닝만 참으면 웃음 폭탄이 (퐁)
10,외쳐! 퐁! \( -0- )/
10,이영화는 미쳤다고 봐야지.
10,일본의 기발함. 천재성. 이게 왜 다른 아사아영화가 아니고 일본영화였어나하는지를 보여주는 작품. 초반 실제의 37분 원테이크의 노고에 박수를
10,영화속의 영화 감독의 뛰어나고 기발한 연출  재미있게봤어요.  공포아니고 코믹  실컷 웃었어요.
10,후..이번년도 통틀어 굉장한 대작을 만났습니다.센스 터짐 폭팔 영화입니다
9,열정과 디테일은 대자본이 두렵지않다
스타 이즈 본
10,"앨리는 잭슨에게 사랑을, 잭슨은 앨리에게 세상을 선물했다"
10,인생에서 어떤 사람을 만나는지에 따라 인생이 바뀔 수 있다..
10,"연기,연출,음악 하나도 빠지는게 없다.올해 본 최고의 음악영화."
10,형 후진할때 충열된 눈 연출 진짜 절제하면서 잘담았어요 노래는말할것두없구요ㅜ 와 브레들리
10,비긴어게인 라라랜드 보다 더 재밌었다
10,무지션은 12개의 음을 자기의 방식대로 만들어가는 것이라 했다. 마지막 5분은 서로의 마음을 합쳐 부른 노래가 모든 장면이 돌아와 내 마음에 박혀서 눈물을 안 흘릴 수가 없었다 올해 최고의 음악영화 이다
10,녹음된 게 아니라 죄다 라이브였다니...
10,가슴이 먹먹하고 눈물이 줄줄..왜 때문이지? 영화보고 나와서 바로 내일날짜로 다시 예매했다.같이간 바보멍청이 같은 남편의 팝콘 씹어 먹는 소리가 너무 거슬려서 영화의 초반을 1정도 놓친것 같아 나혼자 조용히 다시 보고 싶다. 평일 낮에..조용히
9,"Always remember us this way영화 속 잭슨과 앨리가 오랜 기간, 가슴 속에서 잊혀지지 않을 거 같다.두고두고 회자 될 영화"
10,"브래들리 쿠퍼의 연출력, 레이디 가가의 연기와 가창력, 마음을 울리는 음악. 무엇 하나 빠진 것이 없었던 완벽한 영화."
이태원
10,무심코 지나쳤던 공간과 시간들에 대해 생각해보게 되었음~
10,"내가 모르는 이태원, 내가 아는 이태원 그 속에서 살아온 모르는 사람의 삶이라는 것이 흥미로웠던 영화"
10,차분하게 이끌어간 연출이 좋았습니다. 이태원의 맨 얼굴을 존중하는 태도로 볼수 있었습니다.
10,"그들의 삶과 인생이 쌓아올린, 앞으로도 계속 쌓아 올라갈 이태원의 모습을 직접 들을 수 있어 좋았다."
10,감독님 다른 다큐 (자 이제 댄스타임이랑 시국페미)도 재미있게 봤었는데 이번 작품도 좋았어요. 기지촌 성매매 여성 혹은 그 주변의 여성들의 현재 이야기를 그 공간을 중심으로 풀어나간 점이 재미있었어요. 앞으로도 좋은 작품들 기대해요!
10,"너무 많은 생각이드는 영화 였습니다. 이태원에 대해 더 알게되었고, 영화에 출연하신 배우 님들의 인생을 다 알진 못해도, 공감가는 말들이 많아서 좋았습니다. 개인적으로 얼마 안 남은 2019년에 본 영화들 중 제일 좋았습니다."
10,우리가 꼭 알아야 할 이태원의 이야기 생생한 삶의 이야기가 깊이 와닿는다
10,“이게 다큐지.” 소리가 저절로 나오는 생생한 삶의 이야기
10,다큐가 이렇게 재밌을 수 있다니..!! 벌새 감독이 추천해서 봤는데 대만족!
8,이태원의 밤거리 대신 낮거리를 조명하다.
소공녀
10,"미소는 '집'만 없었고, 다른 이들은 '집'만 있었다.우린 어디쯤 있는걸까"
10,근래 본 한국 영화 중 최고였다. 이런 영화가 잘되어야 한다.
10,다들 미소를 보고 위안을 얻는다고 하는데 전 미소처럼 될까봐 무서웠어요. 마음이 따뜻하긴한데 괴로웠어요. 어떻게 다들 이게 자신에게 안 일어날 꺼라고 생각하실 수 있죠? 잔혹하고 아름 다운 서울 동화 였습니다. 발견하기 힘든 가치의 영화 였습니다.
9,"다수에게 손가락질 받는 인생이라도.. 내 삶이 있으니, 정말 용기있는 삶에 박수를 보내고 싶었다..""집이 없지 생각과 취향은 있어!"" 담배 위스키 그리고..너 , 나에겐 지금 무엇이 위안이 되고 있지"
10,물질적 풍요보다 정신적 풍요가 훨씬 더 중요하다 생각하는 사람이라 이 영화가 너무 좋았습니다. 보는 내내 행복했습니다.
8,"집이 없는 미소가 마냥 행복해 보이지만은 않았다. 사랑하는 남친은 현실에 굴복하고 떠나버렸고, 여기저기 친구집을 전전하며 눈치보는 생활을 해야했던 그녀. 정말 그녀는 행복했을까..?"
10,가장 힘든건 마음의 집을 잃는 것이다.
10,그래도 집은...이라는 나의 생각에 뜨끔했다.나의 기준으로 상대를 판단하지 말 것이다.
10,미소는 성공한 인생이다.하룻밤이라도 방을 내어주는 친구가 몇명이나 있다는 건 정말 성공한 인생이다.
10,모두들 슬픔 하나 씩은 안고 사는구나. 청춘에 대한 이야기도 아니고 욜로라이프이 대한 이야기도 아니다. 꾸역꾸역 하루하루 살아가는 우리들의 이야기를 담은 영화.
에베레스트
2,중국인들은 영화까지 정부의 검열을 받나보네. 장르를 가리지 않고 중화사상이 안들어간 영화가 없음. 시작부터 끝까지 우리 중국이 세계 제일이야 짱이야 하는 지들끼리 자화자찬하다 끝나는 영화
1,"중국, 특히 주인공인 오경이 세계 평화를 지키고 지구도 구하는 등 중화사상이 들어있는 영화를 그간 수없이 많이 봐왔지만 이번 영화가 그 중 최고 였던 것 같다가장 가관이었던 것은 초반에 사고로 사망한 첫 등반대장의 대사였는데 관람하는 내내 잊혀지지 않았습니다.&#39;방오주 이제 네가 등반 대장이다. 꼭 우리산의 정상에 올라가다오&#39;언제부터 에베레스트가 중국의 산이었는가.."
1,중뽕치사량...크으..
1,평점 왜 10점임?? ㅋㅋ
1,"중화사상을 제외한다쳐도 영화 자체 평가가 사치인 영화임. 티 엄청나는 cg부터 스토리 전개, 캐릭터 매력 다 꽝임. 툭하면 감동적인 노래 틀어 감동주려고 하는데 기가 차기만 함"
1,중공군 정훈교육 시청각자료급 영화
1,개 중뽕 쓰레기 영화 극혐 수준
1,너무 심한 국뽕은 반감을 불러 일으킨다.  어느 정도껏 해야지.  중국홍보영화..  돈 받고 봐야할듯
2,중국이 짱이다라는 영화 중국영화는 다 자기들이 짱이라고 함!! 중요한건 우리나라도 국뽕에 취해있음
1,페미니스트들의 추천영화입니다.
너와 파도를 탈 수 있다면
9,새로운 파도는 언제나 와. 그러니까 힘들고 지쳐서 표류하게 되더라도 반드시 다시 멋지게 파도를 타며 나아가자.
10,"최근 일본 애니메이션에서 성장을 논하는 방식이 정형화되고 있다고 느끼는 일이 많았는데 이 영화는 되게 신선했어요. 힘들었던 일을 완전히 극복한 것도 아니고 (맨 마지막에 흘러나오는 크리스마스 메세지는 정말..) 주인공 히나코가 미나토의 일에 많은 영향을 받긴 했지만 크게 보면 미나토도 하나의 파도고, 히나코는 또 다음 파도가 오면 타이밍 맞춰서 잘 나아가겠구나 싶었어요. 생동감 넘치는 판타지인데도 계속 울면서 봤네요 ㅜㅜ"
9,가볍게 보러갔다가 거의 오열하고 왔어요...ㅠㅠ
9,여름에 무조건 한 번은 생각날 작품과 ost 미나토 히나코 둘 다 행복했으면
10,나도 죽은친구와 만날 수있다면
8,히나코의 우는 모습을 보여주지 않은 이유
10,영화보고 나와서 바로 오므라이스 먹었습니다...특별한 날에는 오므라이스니깐요...
10,달달한 로맨스와 뛰어난 영상미..하지만 노래 나올때마다 손발이 오글거리는건 어쩔수 없나 봅니다
10,역시 일본애니는 다 재밌어요
10,잔잔한스토리에 화려한 영상미에 좋은 음악까지 너무 좋았어요
팡파레
10,정말신선한 오컬트인듯. 배우들 개개인의 연기도좋고. 특히 청부살인업자는 진짜 컨셉도신선하고연기도 신선함.
10,중간부터 나오는 비니쓴 백선생?! 역할하신분이 가장 강하게 남음..궁금해서 검색해봤는데 챔피언에서 길을 잃었던 건달이었다닠ㅋㅋㅋ
10,"몰입감 최고 연출 최고,, 이런 장르 영화 너무 좋다"
10,"어둡고, 처절한 분위기속에서 누군가에게는 즐거운 축제마냥 계속해서 울리는 팡파레. 배우들의 개성있는 캐릭터와 연기가 좋았습니다."
9,돈없는 타란티노  배우들이 거의다 현직 감독들이야 ㅋㅋㅋ
10,무서운 장면에서 유쾌한 음악이 나오는게 신선하고 좋았고요 보면서 대학로 연극을 보고있는 듯한 느낌도 들었어요. 재미있었어요~!
9,임화영의 존재가 팡파레. 살다살다 이렇게 신선한 영화를 보는 날이 올 줄은... 또 볼 수 있는 기회를 주면 또 볼 의사는 당연히 오케이. 올해 베스트.
8,"한국에서 보기 힘든 힘뺀 장르물, 요즘 같이 푹푹 찌는 여름 가볍게 즐기기에 좋았음."
9,"늘 예산 대비 고퀄 영화 선보여주는 감독...  고작 4500만원에 이런 영화를 만들었다는거 자체로도 놀라는데..음악,조명,미술,연기(욕은 좀 줄었으면 좋았을듯) 다 좋음. 이것들을 조화롭게 잘 섞은 건 단연 연출가의 역량이다. 상업영화 제작사, 투자자들은 뻘짓말고 이런 감독한테 투자해라!!!!7번방의선물 이딴거 말고"
10,음악과 영상이 잘 어울어진 기억에 남을 영화!
매치 포인트
9,일단 배드신이 이따구인거에 대해 실망을 좀 했다..영화 자체는 처음부터 끝까지 긴장의 연속이다.웃긴게 크리스가 쓰레기인게 당연한데 영화를 보는 은연중에 갑자기 크리스가 혹시 걸리지 않을까 노심초사하게 된다는 거다..
9,스칼렛 요한슨 존나이쁨
8,"초반에 크리스가 읽던 '죄와벌'이 영화를 관통하는 키워드였군, 우디알렌식 비틀기는 언제봐도 즐겁다. 적재적소에 흘러나오는 오페라도 역시나 좋았다, 그리고 스칼렛 요한슨의 미모는 눈부셨다,"
8,남자주인공이 정말 소름끼치게 쓰레기다
6,불쌍한 노라.  욕망의 대상일뿐.  누구에게도 사랑받지 못했어
8,"인과응보를 여지없이 무너뜨리고, 운의 중요함을 보여준 영화"
8,스칼렛 요한슨의 미모는 이대가 절정이었나보다. 너무 아름다워서 나 여잔데도 첫등장때 조나단이랑 같은 표정이었음.  크리스를 관찰하는 듯한 영화의 시선이 관객으로 하여금 긴장을 놓을 수 없게 한다.
8,억수로 운 좋은 천하의 OO놈. 요한슨(+1)
8,긴여운은 아니지만 재밌는 영화!! 반지가 물속에 빠졌다면 어떻게 됐을까나
10,정말 딱 매치포인트. 수작인것이 틀림없고 대단함
원 데이
10,세월을 거슬러 올라간 마지막 장면이 가슴 시리게하네요
10,"엠마는 덱스터를 사람답게 해주고, 덱스터는 엠마를 행복하게 했다."
9,"순수한 한 여자가 한 남자를 사람만들고 남자가 사람되면 여자는 떠나가는.진부하지만, 추억으로 덮기엔 후회가 큰.. 그래서 슬픈 사랑이야기. 연기와 영상미가 좋아서 몰입도가 높다."
10,진짜 해피 엔딩만 남았다고 생각하는데 한방 먹임
8,개인적인 입장에서 봤을 때 엠마의 일반 통행인 사랑이 아니었다는게 내 입장. 덱스터는 언제나 엠마를 사랑한다고 느껴졌던 영화
10,진짜 덱스터가 방황했던 시간들을 보면서도 왠지 덱스의 진짜 마음은 엠마에게 가 있는것 같다고 느꼈는데  마지막 시간을 거슬렀던 장면을 보면서 진짜 처음부터 서로 좋아하고 있었구나... 새드로 안끝났으면 더 좋았을듯..ㅠㅠ
10,남자는 기댈 여자를 찾나보다. 그런데 멀리 있지 않다고... 지금 당신 옆에 있는 그녀에게 사랑하고 기대세요
10,나에겐 가장 의미있는 영화 평가하고 자시고 할것없이 완벽하다
9,영화를 단순히 영화로 보기에 아름답고 짠하다처음부터 좋은친구 보단 연인이었다.
9,20년간 고생하는 엠마(자매품 : 500일간 고생하는 톰)
트랜짓
9,"2차 세계대전이라는 시대적 배경과 현대적인 공간적 배경의 부조화. 남자주인공의 심리를 차분히 따라가게 됩니다. 주인공들의 대사, 영화 내용을 자꾸 곱씹어보게 되더라구요. 오랜만에 만나는 매우 독창적인 영화라고 생각합니다."
8,선생님 여기가 지옥이에요.
7,이거 보고싶은데 하는 영화관이 없는데 어케봄?.. 반도 보기시른데ㅡㅡ
8,실낱같은 희망에서 잠식하는 절망으로
8,"문학에서 영화로, 영화에서 삶으로의 트랜짓!"
10,시대가 어디쯤인지 알쏭달쏭했지만 인간의 다양한 감정을 다루는 영화였네요 또한 시대를 초월한 난민문제에대한 문제의식을 제시한 영화였습니다
8,"재밌는데 사람들이 안 볼 듯함.떠나지도  못하고, 떠날려고도 않는 사람들.불안을 안고 지금을 살아가는게 고작인 사람들.무엇을 선택하지 않는 것이 최고의 선택인 사람들."
7,영화 상영 10분 후 입장해서 봤는데 덕분에 더 혼동스러웠음. 좋았습니다.
10,인간의 사랑과 아이덴티티를 녹여낸 시간에 관한 기록
8,작품 자 봄
어게인
8,색다른 장르의 영화를 접했다.뮤지컬 영화..OST의 목소리도 너무나 매력적이다.생각보다 많은 매력이 있는 영화인거같다.
10,생소할수는 있지만 뒤로 기억이 많이 남는 영화였어요.
10,기대 안 하고 봤는데 의외로 좋았음
10,현재와 과거 그리고 현실과 환상을 잘 버무린 작품이었습니다.전편에 깔린 주인공의 좌절 불안 내적 갈등 그리고 마지막 희망 까지 감정이 잘 표현되어 극적 긴장감이 이어졌다고 생각합니다.
10,독특한 뮤지컬영화의 태동! 심지어 감동스럽기까지 하다!
10,"뮤지컬 영화라 갑자기 튀어나오는 노래에 당황했지만, 보다보니 익숙해지고 노래도 좋고, 특히 주연은 물론 앙상블 배우의 춤과 연기력까지 더해지는 흥미있는 영상이었습니다. 주연 배우가 노래할때면, 어떤 이유에서인지 나도 모르게 툭툭 눈물이 흘러서 깜짝 놀랬습니다 ㅋㅋ 저예산 영화라는데 엄청난 시도를 하신 듯 하여 칭찬드립니다. 잘 봤습니다~^^"
10,"오랫만에 마음이 따뜻한  영화를 봤습니다  힘든시간을 이겨내는  주인공의 모습이  굉장히 마음에 남네요 ,  앙상블의 반전 매력 넘 좋았어요~~,"
10,연극적 요소와 뮤지컬울 병행한 ...주도적인 삶울 살어가는 여성의 새로운 사작! On the road. .
9,약간의 기대를 가지고 보러갔는데혼자 있어서 티비 보는 마냥 껄껄 웃고 엉엉 울다 낄낄 웃고 감동받아 나왔어요 한국 뮤지컬 영화는 처음 봤는데 정말 만족했어요 정말 감사합니다
8,"음악 영화다 보니 음악에 집중하게되었는데요. 먼저 인트로에 나온 노래가 너무 좋았습니다. 그런데, 배우분들 노래는 너무 좋은데 다만 반주가 별로였고 뜬금없는 안무도요. 식당 씬에서 굳이 안무하시는 분들이 나오셔서 조금 오글(?)거린다 할까요ㅎ 그리고 잔잔히 반주가 들어왔음 좋겠는데 &#39;나 이제 노래한다&#39;라는 느낌이 들어서 흐름이 좀 끊기는 느낌이었구요. 스토리랑 배우분들, 특히 어머니 역할하신분이랑 작가 역할하신분 연기랑 목소리가 너무좋았어요! 그리고 제일 아쉬웠던 부분은.... 마지막 기생이었다면 시대 생각해서 국악풍의 잔잔한 음악도 좋았을거 같은데.... 기생역할 배우분 노래 목소리도 너무 밝아서 감동이 좀 반감되었어요 ㅠㅠ 그래도 좀처럼 볼수없는 장르라 괜찮게 봤습니다~  더 좋은 작품으로 다시 감독님, 배우분들 뵀으면 하네요"
나의 노래는 멀리멀리
10,"느린 기타리스트 지희양이 변하는 모습을 보면서 따뜻하고, 한편으로 반성도 하게 됐던 힐링 영화였습니다. 엄마의 뒷모습, 좋았어요!"
10,기준이라는 틀에서 약간 벗어나면 장애라는 이름을 붙이는 현실에 대하여 한번쯤 생각해보았습니다. 영화 보는 동안 울컥울컥했어요. 너무너무 감독적이였습니다. 많은 사람들에게 사랑 받는 영화가 되길 바래요 ~~
10,진짜 넘넘 감동입니다^^♡♡♡♡
10,보고 나서 한참 동안 여운이 느껴졌던 영화입니다.. 많은 사람들이 볼 수 있도록 상영관이 많아지길 하는 바람입니다..ㅠㅠ!
10,다큐멘터리만의 현장감이 느껴집니다. 감동적이네요.
10,장애인이 아니라 한 음악인의 이야기입니다. 그러나 그럼에도 블구하고 장애인의 노력과 희망이 돋보였습니다♥
10,기타리스트 김지희님의 성장스토리와 청아한 기타소리와 가슴 뭉클한 가족애를 볼 수 있는 영화. 강추~~입니다.
10,느리지만 천천히 내 마음에 스며들어 심금을 울리는 영화ㅠㅠ
10,여운이 이 글을 쓰는 아직까지도 남아 있네요. 오랜만에 만난 힐링영화!
10,"잔잔한 힐링영화. 가족영화이기도, 성장영화이기도, 장애영화이기도 하다.. 연출과 영상미가 뛰어납니다. 티켓값이 아깝지 않아요. 강추!!!!"
작은 빛
10,한국영화가 산업화되어 잃어버린 무언가를 이 영화는 복원하였다. 놓칠 수 없는 독립영화의 발견!
10,가족들은 어떻게 살아 왔을지 생각해볼수 있게 해주네요
8,"평론가 평점이 ‘이상하게’ 높은게 이상해서 별 기대없이 관람했는데.. 꽤 흥미롭게 봤습니다! 건조하리만큼 담담한 연출과는 달리 세심,세밀한 시선과 고집스런 똑심이 무척 인상적입니다. 앞으로가 더 기대되는 감독이네요^^"
10,먹구름 사이에 들어온 작은 빛
8,"봉준호 감독님이 언급한 마틴스콜세지 감독님의 말 &#39;가장 개인적인 것이 가장 창의적이다&#39; 이 말에 가장 부합하는 영화,이런(스타일,이야기,연기,촬영,시도해서 찍고 완성해서 개봉하는 그 순간까지 모두)류의 영화가 진정 한국영화의 긍정적인 미래다,앞으로 10년, 20년... 미래가 궁금하고 기대되는 감독, 배우분들,그 기대감을 충족하기 위해선 많은 지원과 관심이 있어야 하는 건 당연!당장 우리 관객부터 일부러 찾아가서 보고 알리고, 좋으면 좋다 싫으면 싫다 반응 보이고 또 기대하고, 해야지 하는 의지를 새삼 다시 일깨우는!!"
8,좋은 영화 잘봤습니다 감내하기 힘든 아픔도 가족이 있기에 극복할수 있다는것 기억하기 위해 찍은것이 기억을 소생하는것이 삶을 소생하는 것이 되는 과정을 보여주는것 같습니다 ~!
10,큰빛
10,영화를 보고나서 집에 돌아가는 어두운 골목길에서 가족에 대해 생각했습니다.
10,어릴때 가족들 생각이.. 너무 잘봤습니다.
10,기대 안하고 봤다가 눈물 흘리며 나왔습니다.20대감독님의 연출력이 보통이 아니네요. 앞으로가 기대되는 분입니다.배우들도 어쩜 저리 딱 맞게 캐스팅했는지 최고에요.
1942: 언노운 배틀
9,"헐리우드 관점이 아닌, 러시아의 시각에서 본 2차 세계대전 영화라 흥미롭다. 선전영화 느낌도 없고, 전쟁 속의 러시아 민중의 고뇌와, 정치감찰을 쉴세없이 받아야 하는 어려움이 새롭게 다가온다. 독소전쟁의 참상을 적나라하게 느낄수 있다."
10,OOO기 강철비2때문에 망한영화;;;하...강철비보다 100만배낫다....이런영화가 롯데타워에서도 하루1회상영하더라 ㅋㅋ개같은 스크린쿼터제....
9,몰입도가 상당함. 길게 늘어뜨려서 쓰고 일점 남기신 분은 본인이 집중을 못 하신듯. 최근 나온 작품 중 가장 훌륭함. 전쟁 영화 좋아하면 보면 후회 절대 안함
5,88hh 야 너는 평론가 한줄평 배끼고 당당하냐 ㅋㅋㅋ
10,꼭 한번 봐야하는 영화
10,간만에 영화같은 영화본기분 전쟁영화특유의 박진가과 액션씬 전부 좋았다. 한국영화처럼 신파가득한 느낌이랑 완전달라서좋았음
8,뭐 어쩔수 없는 결과이긴 하지만 끝마무리가 좀 아쉽긴함 그러나 충분히 재밌게 볼 작품임
8,전쟁 앞에서 대부분의 것들이 무의미해지네요. 러시아어와 독일어를 같이 들을 수 있어서 좋았어요.
9,"전쟁터에서 깨닫게 되는 공산주의의 모순, 그리고 감시사회의 무서움, 그럼에도 조국을 사랑하여 참전한 진정한 러시아남자들을 존경합니다."
7,전쟁 액션 리얼해서 좋았고 재밌게 보았다
환상의 마로나
10,반려견이 주는 무한하고 무조건적인 사랑을 너무나 환상적이고 아름답게 표현했다. 오랜 시간 반려견과 함께 살아서인지 마로나의 순수한 사랑에 북받쳐 올라 내내 눈물을 훔쳤다. 반려견이 내게 주는 사랑의 백만분의 일만큼도 사랑을 주고 있지 못하는 것 같아 미안하면서도 언제나 반겨주고 사랑해주는 반려견에게 너무나 고마워 집에 오자마자 꼬옥 안아주었다. 개의 시선에서 바라보는 듯한 세상을 독창적이고 기발하게 그려낸 영상미도 압도적이었다. 또 오열하더라도 또 보고 싶어지는 영화.
10,너무 행복함과 동시에 너무나 슬펐다.어린아이처럼 펑펑 울었다.
9,미안하고 또 고마워. 너의 인생 이야기를 들을 수 있어 행복했으니 이젠 저 별에서 사랑만 받으며 푹 쉬길.
8,"끝없이 주기만 하는 사랑, 너에게 보내는 꿈결의 노래."
10,추상적이고 예술적인 애니메이션 좋아하시는 분 강추 끝에가서 펑펑 울었습니다 ㅠㅠㅠ돈이 하나도 안아까웠습니다
10,세상의 모든 마로나들이 행복했으면
8,"눈을 뗄 수 없는 영상미.. 모든 반려동물들이 나쁜 냄새, 이별의 냄새를 평생 못 맡았으면 좋겠다."
10,"전혀 정보 없이 보긴 했지만 기대 이상으로 매우 만족스러웠다 보는 재미가 상당하고, 연출력도 좋은 작품 같다 동시 다발적으로 움직이는 영상들 보느라 잠시도 눈을 뗄 수 없었고 창의력 넘치는표현이 와닿는 작품이었다 대사도 가슴을 후벼파기도 하고 반려견과 인간 사이 뿐 아니라 인간관계의 이별에도 이입이 되는 것 같아 재밌게 봤다 주변에 마구 추천하고 싶고 그 영상속에 함께하고 싶었다"
10,동물 영화를 보면서 항상 느끼던 인간중심적 사고가 일말의 찝찝함었는데 이 영화에서는 드디어 조금 시선 이동을 한듯하다. 마로나의 삶을 환상적으로 만든 것은 인간들이 아닌 마로나가 그들을 사랑한 시간었다.
10,강아지를 사랑한다면 울지 않을수가 없다
욕창
10,어느 가정에나 존재하는 드러내지 못한 이야기
10,각자의 입장이 넘나 이해되는 상황입니다.후반부엔 가슴이 먹먹해 울컥하기까지...마음이 저려오네요.
10,어두운 소재지만 내용과 연출은 힘이 넘침 너무좋은 영화고 많이 봤으면 좋겠음
10,오랜만에 시간을 잊으며 몰입해서 본 영화!
10,영화 정말 최고네요! 부모님과 다시 보러가고 싶은 영화입니다^^
10,코믹 멜로 슬픔... 애잔함까지 오랜만에 연기 스토리 연출 등 모두 맘에 드는 작품을 만났네요. 정말 또 보고 싶을 정도로 완성도 높고 배우분들의 연기에 박수를 치고 싶습니다.
10,딸 역할에 이입되서 보았습니다. 아버지나 남편이나 어휴... 우리네 생활사가 담겨 그런지 보는 내내 무슨일이 터질까 조마조마 하며 보았네요. 배우님들이 다 연기를 잘 하셔서 너무 몰입도 있었어요! 가족과 함께 다시 볼꺼예요.
7,가족의 테두리 안에서 깊숙하게 파인 내면의 욕창을 들여다본다.
8,
8,너무 현실적이네요 눈물이 나고 부모님생각이 더 납니다
슈퍼 레이스
10,레이스를 주제로 한 애니메이션이라 너무 즐겁게 관람햇네요~
9,강아지 넘 귀염뽀짝..보기만 해도 시원해서 지금 보기 딱 좋은 영화
10,조카랑 함께 봤어요ㅋㅋㅋ 너무 좋아하네요
9,속 뻥뚫리는 시원한 레이스ㅎㅎ 겨울 영화같아보여도 여름에 딱 어울렸음 댕댕이도 졸귀
10,24살먹고 혼자봤는데 너무 재밌음...
10,캐릭터들이 귀엽고 시원한 레이스를 즐기는 스토리 좋았습니다 슈퍼 레이스 홧팅!
10,무더위를 잊어버리게 하는 영화였어요~ 같이 레이스를 시원하게 펼치는 기분이 들었습니다~ 강추!
10,조카한테 사랑받는 방법! 오스트 넘 좋음
10,더운 여름에 시원하게 달라는 레이스보니 너무 좋았어요!캐릭터 왜이렇게 귀여운건지ㅋㅋㅋ
10,정말 재밌게 보고 아이들에게 교육적으로도 좋아서 주변에 추천해 줬는데 상영관이 너무 없네요.. 하루에 한번 상영은 진심 너무한거 아닌가요? 주변 극장에서 전부 반도만 틀어주니 참 볼수가 없네요;;
"안녕, 미누"
10,마음을 움직이는 영화!
10,미누씨의 삶에 대해 다시 한번 생각하게 만든 웰메이드 작품이에요
10,1세대 이주노동자들에게 시민이될수있는 기회조차 주지않고  다 추방시켜버린 것은 우리가 얼마나 다름의 존재를 배척하고 혐오하는 문화를 가진사람들인지를 말해준다. 이 영화를 통해 우린 우리와 다른존재들은 어떻게 껴안고 함께 공존해나갈것인지 생각해보는 시간을 가져야할것이다.
10,안녕 미누 착하고 따뜻하고 잘 만든 영화
10,"미누씨, 미안하고 고맙고 사랑합니다..."
10,한국을 고향으로 여기고 그리워했던 미누씨의 애틋한 마음에 울컥울컥합니다~ 지켜줬어야 할 소중한 사람이렇게 영화로 만들어주셔서 알게 됐네요따뜻하고감사한 마음에 더해 모르는 척했던 뾰족한 마음 반성합니다
10,
10,우리가 준 것은 추방과 편견뿐인데 그에게 받은 것은 사랑 밖에 없었다 . 일평생 대한민국을 사랑해준 고마운 사람. 이제 그의 삶으로 더 나은 미래가 올 지도...
10,가벼운 마음으로 보러 갔다가 무거운 마음으로 나옵니다. 다큐멘터리인데 진짜 영화같은 이야기입니다. 이주노동자의 삶에 대해서 생각해보는 계기가 되었습니다.
10,다큐가 이리도 재미있을 수 있단 말인가!그러면서도 내 생각에 변화를 주는 울림까지!띵작이다.
나는보리
10,다름에 관한 또 다른 시각이 너무 좋았다! 따뜻한 온기를 전하는 영화가 계속해서 많이 나왔으면 좋겠습니다 보리야 응원해!
10,오랜만에 힐링한 기분입니다영화가 그냥 힐링이에요~
10,보는 내내 흐뭇하게 웃음 짓게 하는 가슴 따뜻하고 마음이 평온해지는 영화였다.정감 가는 시골 마을에서 열한살 소녀의 시선으로 보는 가족과 주변의 모습이 훈훈하게 이어지며 재미 있게 봤다.
10,보리의 표정 연기에 두손 두발 다 들었네요 어린나이에 감정 표현이 정말...좋은 연기 보여줘서 고마워요 그리고 정말 행복하고 따뜻한 영화였습니다 고맙습니다.
10,따뜻하고 힐링되는 영화였다보리가 어린나이임에도 품고있는 슬픔이 담담하게 전해져서 자칫 우울해질수도 있는 영화가 잔잔하고 감동일수있었다보리를 연기해준 아송배우님이 보리를 너무 잘 표현해주신 덕분인것같다
9,"청각장애 가족들 사이에서 혼자가 된 묘한 기분이 싫어 소리를 잃고 싶어하던 주인공 보리의 성장 스토리. ㅡ 우연한 계기로 소리를 잃어버린 상황을 연기하던 중,  가족들의 고충을 피부로 느끼며 소리를 들을 수 있든 없든 관계없이  그 자체로 소중하단 부모의 반복된 워딩으로, 여름 날 늘어지듯 자고 함께 식사하고 빨래를 너는 지극히 일상적이고 평온해 보이는 연출/ 연기로,  오롯이 담아내고 있다."
10,"영화제에서 두 번 보고 가족과 보려고 개봉을 손꼽아 기다렸다. 세 번째 보는 영화임에도 도입 5분과 마지막 엔딩크레딧에서 밀려오는 감동은 여전했다. 극장 밖 푸른하늘을 보니 영화 OST를 들으며 주문진으로 가보고 싶다. 하나부터 열까지 모두 있을까? 둑, 보리, 흰구름, 푸른하늘, 친구 은정이, 따뜻한 이웃들, 주문진 맑은 바다, 자장면 짬뽕 탕수육, 아빠 엄마 남동생 정우, 이 모든 걸 담은 기타선율. 보리가 걷던 길을 걸으며 나도 보리라."
10,장애를 극복해야할것으로 치부하지 않는영화.이런 영화가 바로 좋은 영화인것 같아요. 재밌게 잘 봤습니다.
10,bgm으로 흘러나오는 피아노 선율이 영화에 잘 녹아들고 주문진 바다도 너무 아름다워요. 따듯한 영화.
9,"""나는 보리!"" 당신도 이 영화를 꼭 보리~"
인셉션
10,집에 가기 가장 어려운 영화.
9,SF로서는 매트릭스1편 이후  처음으로 대중과 평단의 지지를  모두  얻어낸 작품이라고 생각한다. 마지막에 팽이가 돌땐 나도 돌아갈 지경.
10,메멘토를 보고:이야 이작품이 21세기 최고 작이다-&gt;배트맨 비긴즈를 보고:이야 이작품이 21세기 최고 작이다-&gt;다크 나이트를 보고:이야 이작품이 21세기 최고 작이다-&gt;인셉션을 보고:이야 이작품이 21세기 최고 작이다.끝없는 데자뷰를 일으키는놀란감독.
10,몇 번을 봐도 질리지 않는 최고의 영화
10,"5번 정도 봤는데 드디어 이해가 간다... 이걸 한번에 이해한 사람은 진짜 천재이고 무엇보다도 이런 영화를 만든 놀란이 정말 대단하다.. 경의를 표한다 진심으로 내 인생에 있어서 최고의 영화이다. 이보다 더 대작은 지금까지 본 적이 없다,"
10,평점 1점주는 사람들은 머리가 나빠서 이해를못한사람들이다
10,영화관에서 봤었던게 자랑
10,개꿀잼 + 뛰어난영상 + 빈틈없는설정 + 명배우 + 명감독 + 완벽한ost 최고!
10,다 이해했다고 착각하지들마라 이건 캐면캘수록 새로운게나오는 노다지광산같은영화여.. 다섯번이고 열번이고 계속볼수록 보지못했고 이해하지못했던것들이 하나씩 계속나타난다
10,씨네21 박평식 아자씨가 8점주면 말다한거다 얘들아 ㅋㄱㅋㄱㅋㄱㅋㄱㅋㅋㅋ
가버나움
9,"멋진차, 고급아파트를 가질수 없어 가난이 나쁜게 아니다. 가난은 그것으로 하여금 인간 생 전체적으로 가능성과 존엄성을 앗아가기 때문에 나쁜것이다."
10,뺑반 극한직업보다 2억배 가치있고 의미있는 영화.  작년에 신과함께2독점때매 플로리다프로젝트가 흥행못했다. 진짜 한국영화 스크린 독점현상 심각하다
10,기독교 선교자들인가요? 난민보호소에서 노래로 위로하던장면...처음엔 어이없고 욕이 나왔는데 생각해보니 우리 모두를 꼬집은 감독의 의도같기도했어요 진지한 고민도 실질적인 도움도 없는 값싼 동정심으로 끝나는 우리 모두의 모습.
10,"자인이 요나스에게 최선을 다하는 모습이, 누군가 자신에게 해줬으면 하고 바라는 최선인 것 같아서 마음이 아팠다. 자인이 요나스를 보내고 돌아오는 버스에서 흘리는 눈물이, 여동생을 잃고 흘리는 눈물이 자기 자신에게 흘리는 눈물같았다."
10,"""엄마의 말이 칼처럼 심장을 찌르네요"""
8,콘돔 보급이 시급하다.. 딸이 죽었는데 그 와중에 또 임신한거 충격이다.. 신이 하나를 데려가면 다른 하나를 주신다는 말은 정신병인가..
9,낳기만 하고 기르지 않는 어른들을 향한 한 소년의 외침
10,태어나고 싶어서 태어나는 아이는 없다. 모든 아이들은 부모의 욕심이다
10,신파 억지 감동과는 비교가 안된다
10,엄청난 영화다. 영화가 끝나고도 자리에서 일어날 수가 없었어. 마지막에 자인이가 웃는 모습에서 눈물이 흐르더라...
파리의 인어
9,"알록달록 다채로운 색감,  배우들의 뻔뻔한 연기,  순수한 인어, 그리고 사랑이 돋보이는 영화.   영상미가 좋고, ost도 사랑스럽다. 다소 개연성이 떨어지지만, 판타지 영화에 개연성을 왜 바라나! 연인 또는 썸남썸녀와 보기에 손색없는 로맨틱 코미디임."
10,"동화책 한편을 보고 나온 느낌.연출, 영상이 너무 아름다워 보는 내내 설레었고 수족관신은 정말 최고!두 주인공들의 케미에 피식 웃음이 터지기도- 배경이 파리. 말해뭐해 당장봐야지!"
10,영화가 이렇게 아름다울 수가 없습니다. 사랑해서는 안될 사람과 사랑에 빠져본 적이 있나요? 라는 질문을 던지는 영화이기도 합니다. &#34;당신이 나를 사랑하지 않아서 정말 다행이에요.&#34; 라는 룰라의 말과 진주눈물을 흘리던 장면이 계속 기억에 남네요. 보면서 셰이프 오브 워터랑 노킹 온 헤븐스 도어 생각도 나더라구요! 결말도 희망적인 것이 정말 전 연령 재밌게 볼 수 있는 영화 같아요. 관람 적극 추천합니다.
10,"간만에 화면이 아름다운, 영화다운 영화를 보고왔습니다. 러닝타임 내내 파리에서 인어와 함께 즐기고 사랑한듯한, 정말 간만에 느껴보는 아름다운 경험을 할 수 있는 몰입감 높은 영화였어요"
8,인형처럼 예쁜 인어와 낭만 감성의 소유자 가스파르의 로맨스. 그보다 더 동화적 분위기 작렬인 영상미가 단연 돋보인다. 더불어 동화책을 활용한 연출도 아름답다.
10,내가 딱 상상하던 인어가 그대로 화면에.. 진짜 영상미 너무 예뻐요. 어른들의 동화같은 느낌이랄까.. 파리 전경도 너무 아름다워서 여행가고 싶은 마음 듬뿍 ㅠㅠ 두 사람이 듀엣 부르던 장면이 가장 기억에 남네요.
10,사랑은 동화같은 것
10,어른을 위한 아름다운 동화
9,낭만적이고 순수한 사랑 이야기. 분위기가 잔잔하고 동화같이 예뻐서 설렜음. 그나저나 바버렛츠 언니들을 여기서 보다니 반갑네요!!
9,생각보다 재미있고 노래가 좋음
벌새
8,손가락을 움직이는 이 세상 모든 은희들에게
10,방금 봤는데 올해 최고의 작품인정. 이런게 진짜 한국영화의 힘이다. 숨막히게 세상을 짓누르는 압력에 세밀하게 그 압력이 빠져나가는 곳은 바로 우리의 삶이다. 이렇게 세상의 일을 개인생활속에 투영시키는 영화는 이영화가 최고다 더이상 할말이 없다.
9,"언니, 그건 지난 학기잖아요ㅜㅜ"
10,김새벽의 말들이 모든이들을 달래어주는것만같았다  여운이 오래갈 것 같다
10,한 개인의 흔들리는 내면을 통과하며 함께 흔들 거리는 사회도 보여준다.
10,은희는 어떤 어른이 되었을까요
10,디테일이 좋았다. 다시 보고 곱씹어 보면 더 여운이 남을듯. 한번 더 볼 것. 김새벽 배우 하트
8,"영화를 보는 내내 김영지라는 사람의 인생을 듣고싶다는 생각을 계속 했습니다. 그리고 수술해야 한다는 은희를 보며 우는 아버지, 반찬을 덜어주는 어머니, 그 관심에 기분 좋아 웃는 은희. 어릴때의 내가 생각나 안아주고 싶었어요."
9,어떻게 사는 것이 맞을까 어느날 알 것 같다가도 정말 모르겠어 다만 나쁜 일들이 닥치면서도 기쁜 일들이 함께 한다는 것 우리는 늘 누군가를 만나 무언가를 나눈다는 것 세상은 참 신기하고 아름답다.
10,"GV 할 때 모든 관객이 울고, 저마다의 은희를 고백하는 과정이 아직도 선연하다. 가부장제는 우리 세대를 관통하는 지극히 폭력적인 원체험이다."
몽상가들
9,처음 볼때는 에바 그린의 눈부신 자태에 홀려 영화의 심오한 메세지를 알아차리지 못했다
8,진지한 얼굴을 한 모자란 어른아이들
9,"야하다고 생각하면 야하게 보이고,예술적이라고 생각하면 예술적인 영화더럽다고만 판단하기에는 영화에 담은 메세지가 많다. 분명 주인공들의 관계는 깨끗하지 않으나 그시대의 예술과 혼돈을 보여줬다."
10,어렵다.
9,왠지 상실의 시대를 읽고 있는것 같다. 이 시대 젊은이들에게 바친다.
10,배우로서는 모든걸 보여줬어도 잃은게없는 작품
10,꿈에서 깨기 싫다... 깨는 순간 냉담한 현실뿐 이니까.....
10,영화보고 감탄하고 리뷰보고 또감탄
8,이런 멋스러운 철딱서니들.
8,에바그린 나오면 넋을 놓고보게된다
우리집 똥멍청이
10,샤를로뜨 갱스부르 여전히 존멋! 오랜만에 스크린에서 봐서 좋았습니다ㅋ 스토리도 공감가는 현실가족 이야기라 굳^^
8,지루할 것 같지만 전혀 그렇지 않고 몰입하고 재밌게 봤다. 프랑스식 유머라기보다는 누구나 웃을 만한 요소가 많다. 결말이 예상되는 조금 뻔한 전개긴 하지만 지루하지 않고 재밌게 흘러갔다는 점에서 높은 점수를 주고 싶다.
10,새를로뜨 갱스부르가 엄마로 나오는 모습도 신선하고 실제 커플인 이반 아탈과의 케미도 좋았어요- 무엇보다 똥멍충이 너무 웃기고 귀얍 ㅋㅋㅋ
10,별 생각없이 보다가... 시간흐르는줄 몰랐다
10,"주말영화 편안하게 보고 싶은 영화찾다가 제목에 끌려서 선택했던 영화 기대 이상입니다:)연기,스토리 그리고 번역도 올드하지 않은 영한 느낌에 OST가 찰떡이네요지루할것 같지만 전혀 아니여서 더 몰입할수 있었고충분히 공감할 수 있었던 가족영화네요재밌게 잘 봤습니다^^"
5,"코믹영화인줄 알고 봤으나, 코믹영화 아닙니다.진지한 영화에요. 돋보이는 촬영효과가 있고프랑스영화 느낌의 거친느낌이 있습니다.노렸다면 노력이고, 대충이면 대충일 것 같은 느낌들이 인상적이였네요,"
10,진짜 너무 잘만든영화인생에 대해 생각해보게하는... 소설 형식의 편집기법이지만 작위적이지않고 너무 좋다!
8,스토리도 연기도 다 좋았습니다가족에 대해 생각할 수 있는 좋은 시간이었어요~
10,똥멍청이 계속 보니 정든다 프랑스나 한국이나 가족들 사는건 비슷한 듯? 좀비만 연속으로 보다가 오랜만에 가족 코미디로 마음을 진정시킬 수 있어 좋았음
10,굿 배우들의 연기와 배경 째즈 음악과 감독의 연출 다 멋졌습니다
트로이
9,처음부터 끝까지 레골라스 떔에 빡치는 영화
10,진짜 명작이네요. 이 영화를 왜 이제서야 봤는지.. 극장에서 봤으면 더 재밌었을텐데 하는 아쉬움이 계속... 그나저나 브래드 피트는 왜케 섹시한거야!
9,프리아모스 왕과 아킬레스의 장면은 지금봐도 눈물이..
10,다 좋은데...트로이 프리아모스 왕이 불쌍해 보이는건 나뿐인가...
10,신화가 실제로 어떤 사실에 근거해 만들어지는지를 보여주는 영화. 허항된 영화 같지만 의외로 세세한 부분들이 역사의 고증을 따른 살아있는 케릭터와 재미있는 이야기에 전쟁의 슬픔까지도 보여주는 영화. 명작임에 틀림없다.
10,난 남자인데 아킬레우스보다도 헥토르 에릭바나가 너무멋있다 진심
10,동생이 사고치고 형이 수습하는 이야기.
9,파리스 너무빡침 브래드안죽길바랬는데..그래도 선과악이존재한다는걸느낌 진짜브래드오빤 상남자
10,헥토르는 먼죄야..ㅠㅠ
10,"브래드피트 섹시하구, 헥토르 너무 멋지닷! 전쟁에 나가기전 병사들에게 항상 왕을 섬기고 조국을 위하며 아내를 사랑하라+.+멋쪄~ 거대한 전쟁 장면에 눈을 땔수 없었다능~음악도 좋아~!"
로제타
8,죽고 싶지만 죽을 수 없는 운명. 우리의 삶도 로제타와 비슷하지 않을까. 인생이란 축복이자 한 편으론 저주가 아닐까 삶의 배경을 한 번 더 생각할 수 있었고 먹먹하게 만든 영화. 지금 처해있는 상황이 로제타와 비슷해서 그럴 수도. 평범하게 살고만 싶다
8,정말 짧은 러닝타임 내에서 정말 중요한것만 보여주는 영화 였어요. 누가 로제타에게 돌을 던질 수 있을까요 영화가 끝난 뒤 OST 들으며 다시 되새김질 하려고 했는데 생각해보니 OST가 없더군요 그치만 OST 없이도 충분히 다시금 떠오르는 영화였습니다.
8,왜 약자들끼리만 싸워야 하는가. 로제타와 리케 두 사람 모두 잘못이 없다.
10,삶의 무게를 온 몸으로 지탱하는 로제타를 보며 나 자신을 많이 반성했다
8,죽는 것도 돈이 있어야 하는 아이러니… 없이 지내는 삶에서 인간적 존엄과 도의적 신념을 지키며 산다는 것의 어려움을 느끼게 해주는 영화. 투박하지만 날 것 그대로의 연출이 인상적이었습니다.
9,불안은 끊임없이 삶을 잠식하고 연대의 희망은 실낱같다.
10,가스통.... 진짜 영화보면서 내가 대신 들어 싶더라.영화이긴 하지만 진짜 잘되라고 응원해주고 싶다.
10,괜찮았습니다. 조용한 시간에 조용히 생각하면서 볼 수 있는 영화.
7,사실을 잘 포착한 영화에는 효과음이나 음악이 필요하지 않다는 것을 느낌.
10,살기도 힘들고 죽기도 힘들다 로제타옆에 리케가 있어줬으면 좋겠다
모든 것을 벗어던진 특별한 여행
1,"수입할 영화가 없으니깐 이런 개허접영화도 개봉을 하는구나...용산CGV에서 9천원 주고 예매,.보다가 토 나와서 중간에 나왔다. 개연성 제로에 스토리도 개허접. 이거 볼 돈으로 마스크 사라. 이거 10점 주는 애들은 알바인증하는거니깐 절대 속지 마라!!!"
10,서호주의 광활한 그러나 덥고 건조함이 느껴지는 그 곳에서 상처 입은 두 남녀가 만나고 헤어지는 모습을 통해 상처를 극복해 가는 모습 만으로도 웃음 짓게 만드는 캐쥬얼한 영화였습니다.
10,"개인적으로 여자친구와 너무 재미있게 봤습니다.사람 사는 이야기 인생이야기도 좋았고, 소소한 재미도있었어요. 로맨틱한 스토리도 맘에들었구요 ㅎㅎ"
10,호주 풍경이 아름다워서 보면서 잠시나마 힐링했어요. 주인공들도 귀엽고 코믹해서 웃음나네요. 가볍게 보기 좋아요.
10,"소소하지만 힐링되는, 너무 유쾌한 이야기네요. 이런게 &#39;소확행&#39;인가 싶어요 풍경죽이네욬ㅋ &#39;모든 것을 벗어던진&#39; 이란 제목에 이런 중의적 의미가 있을 줄이야..ㅋㅋ 코로나 때문에 여행 못가는데 완전 대리만족 하고 왔어요!"
8,나름 괜찮았어요 저한테는 지루하지 않고 좋았어요
10,감상평보고 걱정했는데 꽤 재미있었습니다^^
10,
7,서호주의 멋진 풍광과 대자연에서의 좌충우돌 여행기!
10,
유령선
6,연평도 천안함 사건도 잊지맙시다.
10,꼭보세요 저도 전자제품 파는데 중국 해당지역에 거래처가 있어요. 지역의 특징상으로도 일리가 있네요. 그동안 꾸준히 조사하고 있는사람이 있다는것이 신기하기도 했습니다 감독님이 정말 끈기있으시네요
10,꾸준한 조사 감사드립니다. 제대로 밝혀지길 바랍니다.
4,이번 정권 뭐하고 있나요?진실을 밝히라고만하고 필요할땐 세월호 들먹거리면서 정권잡은지 3년이나 됐는데 왜 아직까지 밝히라고만하고 진전이 없나요?
10,날것의 숫자들이 증명해주는 그날 바다의 거짓들.
10,별점 1점은 뭐지 알바썼나ㅋㅋ 정말 잘봤습니다. 뭘 자꾸 진상규명하라고 하냐고 하시는 분들이 있길래 화나서 남겨요 박근혜가 감옥에 들어가고 배만 꺼내면 다인가요? 왜 조작했는지 그리고 배에는 뭘 실은건지 구조는 왜 안했는지 전부 다 밝혀내야죠. 아직도 수면위로 떠오르지 않은 감춰진 진실들이 너무나 많은데 뭘 자꾸 그만하라는건지 모르겠네요. 이렇게 계속 조사해주셔서 감사합니다.
10,&#39;그날 바다&#39;를 보고 진짜 경악을 금치 못했으나 생각의 한 편엔 아직 확실하지 않다 라는 생각이 있었는데 &#39;유령선&#39;을 보고 확신이 생겼다. 분노가 치밀어 오른다. 단순 감정에 호소하는 영화가 아니다 슬픈 영화도 아니다 데이타 분석에 의한 다큐다.박근혜 대통령 기록물 반드시 다 열어봐야하고 제대로된 진상규명 해야 하고 관련자들 모두 처벌해야 한다.
10,"몇년 전 &lt;그날, 바다&gt;라는 영화가 상영되어 세월호 고의 침몰 의혹이 고조되던 시점에 뜬금 없이 무슨 밸브 고장 때문이라며 찬물을 끼얹었던 뉴스타파 인간들아, 이 영화 똑똑히 보고 어디 또 한번 반론을 제기해봐라 !"
10,세월호가지고 다큐좀 그만만들라고? 니들은 세월호가 왜 침몰했는지 모르지?? 당연한거야 검찰에서 적극적으로 수사안하고 그냥 묻어버린건 이유가 있어서야 이런사람들이 안나서면 도데체 누가 세월호에대해 이렇게 자세히 조사할까? 생각좀해라 니들이야말로 세월호사건을 가만히 두고 잊어버리려는 자세가 유가족들을 더 힘들게 하는거야 알겠냐
10,탐사보도가 이루어낸 최고의 경지. 거짓과 공작으로 묻혀져 가는 진실을 파헤치는 집요한 영상 리포트. 억울하게 떠나간 아이들의 원혼 앞에서 어른들의 악랄한 행각을 밝혀내고 심판한다.
"안녕, 나의 소울메이트"
10,올해 본 영화 중에 최고였다 끝나고나서위 여운이 너무 강렬해 울음이 멈추지 않는다
10,"살면서 느낄 수 있는 모든 감정들을 꺼내보고, 곱씹어 보게 하는 그런 영화...여운도 너무 남고... 다시 보면 영화가 완전히 다르게 느껴질 듯"
9,남자가 제일 나쁜놈 ㅠㅠ
10,이런 영화를 만날수 있었던 건 행운입니다.슬프다기보단 마음이 벅차올라서 눈물이 나더군요.제 주변에도 몇분이 훌쩍훌쩍.. 긴말 안할께요 꼭보세요
10,주동우의 매력은 끝이 없네요
10,"내 인생의 소울메이트 영화! 중국 영화라고 기대하지 앟았던 과거의 나 반성해라. 주동우, 마사순 처음 보는 배우들인데 완전 덕통사고 당함 ㅠㅠㅠ"
8,나를 가장 아프게 했던 사람은 내가 제일 좋아했던 사람이었다
10,칠월이가 너무 불쌍함 ㅠㅠ
9,칠월처럼 부모님말 듣고 정해진 틀에서 사는 사람도 있고소수이긴 하지만 안생처럼 정해진 틀을 깨고 자유분방하게 사는 사람도 있고... 누가 맞다고 할 수는 없지만 서로를 이해하는 과정이 아름다웠습니다
10,진짜 2017년 본 영화 중 손꼽히는 영화....배우들 연기도  좋고 푹빠져서 봤습니다.  그 시절 내친구가 생각나게 하는 영화
보희와 녹양
10,여름의 청량함과 십대의 생생함이 살아있는 영화입니다. 남주가 연기를 아주 잘합니다.
10,이 계절에 꼭 봐야 하는 영화. 영혼을 맑게 씩씩하게 해줄 이런 영화를 기다렸다
10,가족구성원이나 성별에 대한 사회적인 편견을 내용을 담고 있는데 부담스럽지 않고 밝고 유쾌하게 보여주는 것 같아요! 대표님 덕분에 재밌게 봤습니다! 김주아님 나중에 다른 영화에서도 보면 오늘 본 보희가 생각날듯해요!!
10,누구나 하나쯤은 갖고있는 개인적 부재를 바라보는 감독의 시선. 한시간 반동안 울고 웃고 부담스럽지 않게 마음에 녹아드는 이야기. 이 시대 꼭 필요한 영화.
10,1억점이 없어서 10점 드립니다.
10,단점은 없고 장점만 있는 전무후무한 영화.
10,보희와 녹양이 너무 싱그럽다! 정말 청정 그 이상의 영화!
10,영화가 끝날 때 까지 편하게 감상한 것이 정말 오랫만이었어요.
10,작년부산국제영화제에서보고개봉하기를기다렸어요~재미있고따뜻하고여운이남는영화~
10,지금 옆에 있는 따뜻한 사람들을 생각나게 하는 영화였다.
시티 오브 갓
10,"내 인생에 10점 짜리 영화는 별로 안된다. 그중에 하나가 바로 이 영화이다. 현장감있는 연출과 카메라 앵글, 케릭터들이 모두 생동감 있고 몰입도가 상당하다. 영화를 보고나면 마치 내가 브라질 빈민가에서 살아봤던것처럼 느낄정도로 정말 잘 만든 영화이다"
9,이 영화보면 브라질 가고싶은 마음이 사라질것이다.
8,악순환의 연속
10,오프닝 시퀀스가 모든것을 얘기해준다.죽음을 기다리는 닭은 가까스로 탈출하지만 결국 다시 잡힐 수 밖에 없다.
8,브라질의 마약과 총기 폭력의 굴레에 벗어나지 못하는 현실적인 이야기.
10,사실적이고  실오라기 하나만 걸친영화?  무례하지만 가식적이지 않은영화... 최고의 찬사를 받을만하다.
9,믿기 힘든 참혹한 현실을 단지 스크린으로 보게 된 것이 얼마나 다행인가.. 인간의 본성에 관해 다시금 생각하게 하는 영화.
10,진부한 헐리웃 영화외는 다른 수작
10,개꿀잼 쌈바 좋아서 브라질 갔다가 어떤일 당할지 예상이 가는 영화
10,"정말 나의 인생 영화 탑 텐에 들정도인 명작 중에 명작인 하나.. 정말 오랜만에 다시 보련다.  다시 보는 영화들이 극히 드물지만..그정도로 이 영화는 다시 한번즘 보고 싶다, 중간에 정말 스토리 전개 죽이는 부분을 다시 보고 싶어서 그런것이다."
광주비디오: 사라진 4시간
1,버스로 경찰 밀어버려서 죽이는 장면도 나오나요?
1,평점이 왜 이렇게 높나했다그 이유를 알것같다 역시 전라도 민주화 운동하던 자들이 대한민국을 장악했는데 민주화는 안되고 공산화가 되가고 있냐 대답좀해봐라 빨갱이들아
2,이게왜;;10점인가했네요...
1,문재앙 지지율 떨어지니까 또 과거사 팔이 나오죠? ㅋㅋㅋ
2,북한도 문화로 세뇌 교육을하겠지? 북한사람들을 빼 닮은 그들
1,너무 재미있어서 제가 딱! 1점 드리겠습니다
1,영화로 정치질 하는 것 극혐. 정의팔이하면서 특정배우(김규리) 밀어주는 건 개극혐
5,이념하에 무고한 산밤들이 희생된 사건이지 근데 이제는 발전을 위해 재조명할 시간이 되지 않았을까?? 이젠 이런 정권의 이익을 위한류의 영화를 더 이상 보고싶진 않음 한쪽의 의견이 아니라 팩트에 근거해서 중립적인 시각의 영화가 나와야하지 않을까
1,광주는...하나의...총기를 들고 일어난...그...폭동이야.그러니까 그 계엄군이 진압하지 않을 수가 없잖아?빨갱이 폭도 새끼들을 40년째 민주화라고 포장하는거 ㅈㄴ 역겹다 이제
1,"선동 조작 날조의 그리운 빨갱이나라 폭동을 폭동이라 부르지 못하는,,,"
바람의 언덕
9,머리로는 이해 안가지만 가슴으로 이해하는..
9,"충분히 그럴 수 있다, 배우들의 연기가 날 설득하고 이해시켰다."
9,내가 사랑했던 엄마의 모든 것이 새삼 그리워집니다.
7,"바람처럼 스며드는 용기로, 서로에게 따뜻하고 또 따뜻할 두려움을 건네는 언덕에서"
10,참아내는 삶속에서 서툴게 표현하는 사람들
9,"편하게, 별다른생각없이 지나쳐갔던 일들과 인물들을 생각하게 하는감동의 영화.주변의 모든것을  소중하게 바라봐야겠어요."
9,"주인공  두배우의  연기호흡도  잘맞고 , 너무  훌륭한  연기였습니다.감정선을  아주 잘그린영화네요오랜만에  마음을  울리는 좋은  영화를봐서흡족했습니다"
10,"이졔 완전히 경지에  오른 연출과 정은경, 장선 두 배우의 완벽한 연기가 매력적인 영화!차곡차곡 쌓아 올린 감정이 폭발하는후반부 다리씬은 올해 최고의 명장면이다!!"
10,도망쳐온 모든 이의 여생이 좀 더 가벼워질 수 있길남겨진 모든 이들에겐 초연한 용기가 깃들길
3,너무 지루하다 그리고 재미 하나도 없다 스토리 또한 최악!
우리들
9,그럼 언제 놀아? 눈물이 핑 돌았다
8,애들이 무슨 걱정이 있냐는 따위 말은 하지 않기를
10,관계라는 건 아이에게나 어른에게나 모두 어렵다. 그 초조하고 불안하고 미묘한 마음들이 너무 세밀하게 담겨있어서 무척 공감됐다. 게다가 윤이는 너무 귀여웠음... 혼자 보기 아까운 영화.
9,"맑고 예쁘고 잔인한 너희들, 결국은 우리들"
10,어린시절 일기장을 어른이 되어 꺼내 본 듯한 영화였습니다.  지금은 추억이 되었지만 그때 그 시절 최대 고민이였던 관계에 대한 궁금증...그 시절 어쩌면 내 모습이였을지도 모를  그  초조한  눈빛을 어린배우들의 연기에서 볼 수 있었습니다.
10,심리묘사가 소름끼칠만큼 섬세해서 한시간반동안 몰입해서 봤어요
9,아이들에게 무슨 마법을 부린 걸까요 너무나 사실적이면서도 여운이 남는 영화네요 아이들과 어른 모두가 꼭 보았으면 좋겠어요
9,좋았습니다. 상영관이랑 상영시간좀 늘려주세요..
10,저번에 출발비디오여행에서봤어요 초등학생들의 갈등 그리고 그들의 우정이야기 어떻게보면 뻔하겠지만 그래도 전혀 조미료들어가지않은 순수한 아이들의 모습그대로를 영상으로 만든거같아서 좋아요 영화얘매상영관좀늘려주며좋겠네요....
10,"보는 내내 울었다. 나는 선이였고, 지아였고, 보라였다. 두번째 보는데, 볼수록 용감한 선이의 모습에 자꾸 눈물이난다. 여덟번 더 봐야지."
다가오는 것들
9,행복을 기대하지만 사실 그 자리를 채우는 것은 희망이다
10,극장이 이렇게 많은데상영해 주는 영화관이 어떻게 이렇게없을 수가 있나요
9,"내 삶에 '다가오는 것들'을 겪고, 견디고, 남몰래 눈물흘리기도 하고, 태어난 손주를 안고 미소지으며 살아간다. 더이상 젊지 않으므로, 젊지 않으나, 지금을 온전히 살아간다."
9,지적인 여성과 그 부류들의 잔잔한일상을 엿볼수 있는 기회. 우리는 취업에 도움안된다며 대학에서조차 사라지는 철학을 고등학교에서 가르치는 교육이 좋아보인다. 인문학은 오로지 인간만이 누릴수 있는 지적 산물 아닌가.
9,부럽네요 철학의 나라.
9,우리는 행복을 기대한다.만일 행복이 안 온다면 희망은 지속되며이 상태는 자체로서 충족된다..
8,삶에 다가오는 변화와 그 주위를 채우는 지성
10,책처럼 책장에 뒀다가 또 읽고싶은 영화
9,다가옴을 막을 수 없으니 견딜 수밖에
7,나의 의지와 상관없이 다가오고 떠나는것들에눈물짓지 말고 나혼자의 홀로서기를 준비하라
백년의 기억
2,전세계를 상대로한 희대의 구라 비핵화 질낮은 연기와 연출 퍼포먼스
1,남북연락사무소 터졌는데 영화감독은 무슨 생각 하고 있을까
1,오늘 연락사무소 사라졌음! 3년간 노력이 물거품으로 변했음!
2,ㅋㅋㅋㅋ코미디 다큐가 아닐런지..
1,아...0점이 없네...
1,"북한의 개들, 공산주의 초종자들, 김씨왕조의 걸래들."
5,백년의 기억을 옥류관 국수에 말아잡순 남북 짱들.. ㅉㅉ
1,정신못차리고 또또ㅉㅉ
1,진짜 미친것들인가...
1,그냥 현정권 선전물....
비행
10,전주영화제에서 놓쳐서 개봉만 기다렸는데 독립영화에서는 보기 힘든 연출과 연기였다. 박수를
1,진짜평점보고 낚였네... 첨부터끝까지지루하다
2,평점보고 봤다가 완전 낚시당했네진짜 개재미없어요별1점도 아깝
10,벼락 끝 청춘의 투박하지만 필사적인 날개짓을 그대로 보여준다.
1,몬이런개똥같은..ㅋㅋㅋ
5,이정도 독립영화 흔하진않지
1,배우가 연기를잘하는게 아니라 평점 알바들이 더 연기를 잘하네
10,거친 느낌을 그대로 담아낸듯한 느낌! 간만에 새로운 영화를 본 기분 ㅎㅎ
10,마약과 관련돼서 자극적인 내용인 줄 알았는데 보는 내내 재밌는 장면과 연출이 이어져서 볼만합니다 탈북민의 다른 환경에서 살아가는데 답답함과 양아치의 환경도 이해하게 되는 영화여서 10대 20대들이 이 영화를 보고 영화처럼 비행할 수 있길 바랍니다.
1,평점주작오지네  ..안본눈삽니다;;
프리즈너
2,진짜 보지마세요 개 오글거리고 병맛에 스토리도 쉣이고 연기도못함 남자친구가 보자고 해서  지금영화 보는중인데 이걸 보자고한 남자친구한테 존?나 화나 미치겠음 옆에서 쳐자노 ㅠ
1,오지호도 다됐네 이런 쓰레기 영화에 나오고이런 영화는 잘 될지 알고 만드는거가?진짜 거지같네
1,이딴 영화 만든 감독을 감옥에 쳐 넣어야된다
1,진짜 기승전결 완벽한 노잼영화
2,절대보지마셈 쓰레기영화ㅋㅋ클레멘타인이하
1,요즘 알바자리 없다더니 다 여기서 평점알바자리 구했냐?
1,낚이지마세요시간이 똥보다 가치가없으면 보세요.
2,와 왠만큼 재미업는 독립영화는 명함도 못내밀겠다 ㅋㅋ 카메라 동선도 안나오는 독방에서의 액션씬은 정말 최고였다 내가 아이폰으로 찍어도 이거보단 나을 듯 ㅋㅋ 와 신선한 충격
1,ㅋㅋㅋ개너잼ㅋㅋㅋ그냥 개노잼 진짜 노잼
1,오지호형님 한테 너무 뭐라하지말자... 처자식 생기면 남자는 뭐든지 할수있다...ㅠㅠ
고양이 집사
10,마음씨 따뜻한 집사님들 덕에 고양이도 사람도 행복해질 수 있는 것 같습니다. 많은 분들이 보시면 좋겠네요.
10,저는 이영화를 보는내내 왜눈물이 났을까요.. 아직도  척박한 길냥이들이 많음에 학대당하고 유기당하는 냥이들이 많음에 맘이아프고슬프고 속상한건 분명하지만 세상이 점점 변하고 따뜻한분들이 많아질거라는 기대 희망을 가져보게되는 영화입니다..많이들 보셨음하네요
10,공존에서 공생으로
10,정말 따뜻한 영화네요 !
10,보는내내 행복했어요 ㅠㅠㅠ 진짜 힐링하고 온 기분입니다
10,"마음이 따뜻해지고 너무 귀여웠던 냥이들 길고양이를 지나치게 슬프거나 고생의 대상으로 보지않고 편안하고 우리와 함께 공존하는 느낌으로 풀어나가서 더 좋았다! 분하거나 슬픈거 전혀 없고 아이들도 즐거운 마음으로 마음껏 볼 수있는 영화. 고양이들이 행복한 세상이 어서 오길 바래봅니다. 정말 귀여웠던 레드 은근 존재감 컸던 조폭이 ㅎㅎㅎ 중국집 아저씨도 정말 존경합니다!!! 춘천 놀러갈게요! 노량진 아주머니들도 너무 감사하고,,,태교 중이었는데 냥이들 덕에 힐링 잘하고 왔어용!"
10,"따뜻한영화잘감상했습니다~~요즘 많은가람들한테 알려져야하는영화~~인간들이 자연파괴로인해 동물들을 갈곳없게만들어놓고,,,인간 자연 동물 함께공존하는 세상왔으면좋겠어요~~더이상 인간의 이기심로인해 자연파괴될일이없고~동물들도 편안하게 사는모습 간절히바랍니다!!제발 그조그만한애들한테 욕하고 돌던지고발로차고 학대좀 하지마세요ㅠㅠ 굳이 그리 야박할필요 있을까요ㅠㅠ사람만 동물를 안해친다면 동물들두 절대로 사람안해칩니다~~그냥 가만히 놔둬도 굶줄임에 아픔에오래못사는 불쌍한아이들입니다ㅠㅜ힘있는자가 힘없고 약자를 보듬어주는세상 동물과인간 유대감꼭필요한세상오기를빕니다!!~~"
10,귀여워서 &#34;아~~~~♡&#34; &#34;오오~~~♡&#34;같은 감탄사가 나오려는 걸 참느라 입 막고 영화를 봤어요곳곳에 숨은 킬링포인트들을 발견하면 나도 모르게 마음이 스르륵 녹아내린답니다. 오랜만에 마음이 힐링되는 귀와 눈이 피로하지 않은 영화를 봐서 행복했어요
10,길고양이들을 돌봐주시는 많은 따뜻한 분들이 계셔서 다행이다라는 생각이 들어요. 보는동안 속상할때도 있었지만 힐링되기도 했어요! 많은 분들이 봤으면 좋겠어요!
10,고양이와 인간의 공존을 다시 한번 생각하게 합니다! 너무 좋았어요~
국도극장
10,"솔직히 감상평을 쓸 정도로 글솜씨가 좋지 못한건 사실인데, 한 편으로는 그런 생각도 든다. 내가 보고 내가 감동 받았으면 그걸로도 충분한데, 굳이 감상평이란 것이 필요할까."
10,나만 그런게 아니구나
6,서울이 문젠겨 니가 문젠겨?
10,모든 출연자의 연기가 딱 적정하다.  최근 몰입해서 본 영화중 가장 잔잔한 감동이 있는 작품.  음향도 녹음도 조명도 연출도 더 느끼고 싶어또 보고 싶다!
10,이상희 배우 너무 매력적이네요. 완전 내 스타일
10,그냥 아무생각없이 멍하니..좋았음
9,"삶이란게 참 논리적이지 못하다.이동휘배우, 이한위 배우가 나란히 앉아서 담배를 태우는 여름의 국도극장. 가을처럼 스며드는 느낌이라 좋았다."
8,슴슴한듯 있을것 같은 스토리 그래서 ... 좋았다. 청년과 노년의 그사이 사회에 속하거나 속하지 못한 그사이 .. 꿈을 찾거나 방황하는 그 사이의 위로 마지막에 영화 간판속에 그와 그의 뒷모습은 매우 닮아있었지 ..
10,이동휘 형님 연기도 너무 좋았고 담배로도 연기를 하는 이동휘 연기도 너무 좋았어요. 모두들 힘들지만 자기 책임은 다하려는 인물들의 모습이 뒤늦게 감동으로 다가왔어요. 전 형님 입장이 너무 공감되어 눈물이 났었어요. 연기 모두 좋습니다.
10,모든 배우가 우리의 삶을 보여줍니다인상적이네요마지막 롱테이크!
밤의 문이 열린다
7,"외롭고 쓸쓸한 나를 그대로 내버려둔 것에 대한 애달픈 반성. 과거를 걸어서라도 되돌리고 싶은 순간들과, 희미하게 비치는 구원의 가능성."
8,"누구의 목소리라도 듣고싶어지는 영화. 피를 뒤집어쓴 귀신이 나오지 않지만 서늘하다. 나도 유령은 아닐까, 이 외로운 도시에서."
8,계속 여운이 남아있다.
8,뭔가 현재의 나를 다시돌아보게 해주는 그런느낌의 영화
10,오늘 봤어요. 잘 봤어요. 오래 생각날 것 같아요. 사는 것이 무엇인지 죽음은 또 무엇인지.. 내 곁의 사람들과 순간의 결정들이 무엇을 남기는지 오래 생각할게요.
9,서늘하면서도 다정다감한 위로. 과장 없이 담대하다. 간만에 몰입해서 본 영화
10,여운이 오래가는 영화에요... 특히 마지막 나래이션
10,"유은정감독님의 첫 독립 장편이라고 하는데 내용도 탄탄하고 정말 좋았고, 배우님들의 연기도 훌륭했어요. 오늘이 개봉일인데 벌써 두 번 봤습니다 오예"
10,영화 잘 봤습니다. 결말이 해피엔딩인지 새드엔딩인지는 사실 잘 모르겠어요. 보고나서 여러가지 생각이 들어서... 앞으로도 좋은 작품 응원합니다.
9,부천에서랑 이번에 두번 봤는데 두번 다 마지막 장면에서 울컥했어요. 차가웠던 방 한 구석에 늦은 오후 햇살이 비치는 듯한 느낌. 그 때는 몰랐기에 돌이켜보면 아련하고 아쉽고 그래서 슬픈..
성혜의 나라
10,"사회가 주입한 현실, 사회가 주입한 꿈보다 차라리 아무것도 선택하지 않는 것이 행복인 현세대를 적나라하게 보여준다."
9,우리 청년 세대가 병들지 않고 살아갈 수 있는 날이 올까. '나는 무언가 잘못 되지 않았나' 스스로에게 의문이 생기는 요즘에 공감이 많이 가는 영화였다.
10,뚝심있는 연출이 좋았습니다
10,젊은이들이 어럽게 살아가는 현실과 경제적 어려움으로 극단적인 선택을 할 수밖에 없는 현실이 너무 마음이 짠하다. 내주변에도 어려운 사람이 없는지 생각해 보는 계기도 되었다. 나의 젊은시절을 돌아보게 해주는 좋은영화인데 관객이 없어 아쉬웠고 많은 사람들이 보았으면 좋을것 같다.
10,누가 이 세대들을 이리 아프게 만들었나... 나에게도 성혜였던 시절이 있기에 이 땅의 모든 성혜들에게 이 영화가 따듯한 위로가 되어주었으면 한다.
10,무미 건조한 삶의 선택을 강요당한 회색빛 청춘에 대한 헌시.그래도 저마다의 자전거는 각자의 가진 힘으로 굴러간다.포기만 하지 않으면...
9,현실을 너무 현실적으로 보여준 영화였어요 참 힘들게 사는 우리 세대들이 마지막처럼 평안하게 살았으면 하는 생각이 들어요 힘들겠지만요
10,아무것도 선택하지 않는것을 선택한다....비극적인 장치로 얻은 씨드머니였지만 그렇게라도 생긴씨드머니가 부러운건 저뿐만이었을까요...이런 제가 나쁜걸까요...
10,인상깊고 감명있는 영화입니다
8,성혜의 나라에 함께 살고있는 지금 입니다
소리꾼
10,재밌으면 추천 재미없으면 비추천 눌러주세요좀 있다가 어머니랑 영화 볼려고 해요 어머니께서 엄청 좋아하셨습니다. 부모님이랑 함께 보기 좋은 영화인거 같습니다
10,아.... 내가 판소리를... 보고..눈물을.. 흘릴줄이야....
10,"시사회 보고나서 개봉하고 한번 더 봐야겠다는 생각이 들 정도로 재밌었어요. 초반에는 살짝 지루한 감이 없지않아 있는데 중반부부터는 시간가는줄 모르고 봤네요! 배우님들이 연기도 너무 잘하고 소리도 진짜 너무 좋아요 더운 여름철에 소리꾼으로 귀 정화하는 느낌 입니다..ㅠㅠ 그리고 가장 좋게봤던건 영상미였는데 카메라 구도나 영상색감이 너무 예뻤어요! 리틀포레스트의 초가을 버전 같은 느낌의 색감이라서 좋았고 풍경과 색감,구도가 한데 어우러져서 보는 내내 즐거웠습니다. 꼭 보시기를 추천드릴게요!"
9,오랜만에 눈호강 귀호강  했내요
9,판소리 듣고 울다니 색다른 경험이었습니다
10,살아있다 결백 보다 재밌으면 따봉
10,영화내용도 좋고 이봉근님 소리에 반하고 +몰락양반 김동완님 연기도 영화에 잘 스며든거 같고 감동도 있고 흥했으면 좋겠어요
10,평소 영화를 안 좋아해서 처음에 걱정 많았는데 지루한 부분없이 처음부터 끝까지 재밌게 보고 온 것 같습니다.감동과 재미를 둘 다 잡은 영화인 것 같아요.
10,대사에 어색한 부분이 있지만 모든 것이 용서되는 청이의 연기력! 그리고 두 개의 이야기가 동시에 진행되는 것이 감동을 더함. 만들어가는 이야기의 매력이 철철~~~
10,코로나블루 시대에 이렇게 힐링하고 가네요. 심심한 것 같아도 자극적이지 않은 담백함으로 감동까지 얻어갈 수 있어 가족과 함께 다시 보러 가야겠어요.
쉘부르의 우산
10,영화보고 와이프가 꽂혀서 계속 노래로 대화하네요 10점
10,아련하고 감미로운 영화... 그렇지만 이야기는 지극히 현실적이다.
10,헐리웃 영화에서 느낄수없는 색채와 감성
10,라라랜드가 오마쥬한 작품 그래서 더욱 슬프다 비슷한 엔딩 둘다 너무 현실적이라 응어리진다
9,옛날 영화들이 더 낭만적이다
10,잊을수없는. 그영화..추억 그리고..이쁜영화
10,슬픈러브스토리영화의 종결자!!!!!!!! 이미 게임은 50년전에끝났다
10,아름다운 음악과 스토리..
10,초콜릿같은 영화. 처음은 달고 끝은 쓰디쓰다 추천
10,아직도 영화마지막장면이 아른거리네요 ㅎㅎ 주유소에서 만남..그리고 다시 이별...
아이 캔 온리 이매진
10,아무도 없는 영화관에서 혼자 영화를 본후 끝났는데도 10분동안 자리를 뜰 수 없었다
10,이 한 마디면 됩니다. 주님이 하셨습니다.
10,무교이지만 나의 인생영화이고 그냥 어제 밤에 부모님과 내 꿈에대해 마찰이 있었고 오늘 아침 이 영화를 봤는데 그냥 아무말 없이 울었습니다.
10,인생영화였고 감동그자체였다 그냥예술임
10,크리스천이 아닌 사람에겐 음악영화로크리스천들이겐 회복될 영화로 추천하고 싶다 인생과 음악 그리고 주님의 이야기
10,영화  꼭 보내세요....ㅡㅜ 대박 감동입니당....네이버에서 예매를 못해서 작게 하구나 했는데...CGV 단독...너무 슬퍼 감동...ㅡㅜ
9,제목 보자마자 머시미 생각나서 멜로디를 흥얼거렸는데 진짜 이 노래를 바탕으로한 영화가 나오다니 하며 오늘 바로 엄마랑 봤습니다.음악의 힘 그리고 하나님의 힘이 얼마나 대단한지 느끼는 그런 영화였습니다
10,올해 최고의 은혜~~~
10,주위사람들에게 추천해주고 싶은 영화네요 :) ost 진짜 최고..ㅠㅠ 소향버젼 다시 찾아 듣고있어요
10,용서에 대한 마음을 일깨워주는 감동의 드라마였습니다.배경음악과 배우들의 연기 그리고 스토리..모든것이 하모니가 잘된 작품이네요~종교영화를 떠나서 훌륭한 작품입니다
프랑스여자
10,어디에서나 이방인일 수밖에 없는 한 여자에 대한 이야기.
6,김지영 참 좋은 배우다 라고 느낀다.
1,"프랑스 여자보다 더 파리지앵 같은 사고 방식을 갖은 한국에 사는 인물들..파리에서 10년을 넘게 살았고 위대한 연극 배우가 되겠다고 유학을 떠났던 프랑스 여자는  삶 자체에 자유와 예술을 향한 어떤 흔적도 없고 남편에게 너 때문에 인생 망했어, 너때문에 모든걸 포기했는데 사랑이 어떻게 변하니~이렇게 예술과 자유, 파리지앵을 꿈꾸며 떠났다고는 생각할수 없는 태도로 일관된 프랑스 여자.... 한국에 대한  회상이나 무의식적 세계에서도 못이룬 후배와의 사랑이나 과거에 대한 죄의식으로 가득찬...답답한 모습~ 이것이 감독의 연출이었다면  어쩔수 없지만 과연 프랑스 여자를 통해서 무엇을 말하고 싶었던 것인지 참... 여기서 프랑스 여자는 담배 피는 여자를 말하는 것일까 하는 헛웃음도 나온다, 프랑스라는 자유와 파리라고하는 예술의 세계를 동경해서 10년을 살았는데  오히려  한국에 사는 사람들보다 더 타인에게 의존하고 과거에 함볼된 인물이라고... 공감이 안되고 동의하기 어려운 썰이라고 생각한다."
10,한국영화 중 간만에 인상깊게 본 작품. 영화 속의 이미지가 계속해서 떠오른다.
8,한국과 프랑스 어디에도 소속되지 않은 불안한 이방인의 심리가 잘 살아난다. 공통의 기억은 나누지 않고 묵혀둔다면 왜곡되고 망가지는 것 같다. 기억의 관계가 가진 소중함을 생각한다.
1,그래서 영화가 말하는게 뭔데??
1,"솔직히 너무 별로였음.. 예술영화나 감각적 영화 즐겨보는 편인데.. 가장 별로였던 점은 스토리랑 감정에 개연성이 너무 없음. 캐릭터들이 갑자기 화내고, 갑자기 분노하고.. 젤 중요한 감정들이 다 뜬금포임. 이건 기본아닌가..? 싶은 지점들이 너무 어설픔.. 글고 2020년 현재.. 술자리에서 남사친이 여사친한테 장난으로 뽀뽀하는 장면이 영화인/연극인들이라는 이유로 웃어넘겨지는 장면이 나오는게 너무 황당하고 어이없고 불쾌했음. 더군다나 이렇게 미묘한 감각을 다루는 영화에서. 난 30대 여성이지만 정말 흠.. 할말하않"
4,서울대입구 롯시] 6월6일 생애 최초로 극장 옮겨 영화 2편 봤는데 그 중 첫 번째 영화였다. 영화제가 좋아할 만한 느낌의 영화다. 특별한 주제의식도 없이 어떻게 느낄지는 관객마음 이라는 컨셉의 영화같다. 전체적으로 공허하고 우울한 느낌이 들었다. 극중 인간관계서도 인스턴트 느낌이 많이 났다. 푸석거리는 느낌이랄까? 배우들은 열심히 &#39;연기&#39;하려는거 같았고 OST는 없었다. 꽤 지루했다.
10,"지나온 날들이 나를 괴롭힐 때 위안이 되어줄 영화. 한 편의 소설 같기도, 연극 같기도 한 영화. 겹겹이 쌓인 스토리 구조가 매력적이다."
1,프랑스여자건 한국여자건 자신에 함몰돼 사는 흥미없는여자
16세의 사운드트랙
6,공감성 수치를 불러일으키는 16세의 기억들
9,독일식 영어에 때묻지않은 이팔청춘에 조으네
9,저격당했다 내 취향도 내 과거도난 왜 이렇게 이 영화가 사랑스럽지ㅠ?하나부터 열까지 다 내 얘기 같아서 공감되는 이야기들특별하고 싶었지만 튀고 싶지 않았던 사람들이라면 메이지와 벤의 심정을 이해하게 될 거다
기억의 전쟁
9,놓치기에는 선명한 아픔입니다. 많은 한국사람이 보았으면 좋겠어요...
10,좋은 다큐였습니다 :) 생각이 많아졌어요.
9,내용적으로 베트남전쟁 당시의 학살피해 생존자들의 이야기를 담고 그 이후 한국&베트남의 사람들의 기억을 바라볼 수 있었다. 그리고 도대체 누가 피해자인가에 대한 생각을 할 수 있었던 것 같다.
7,국적을 넘는 연대의 기록. 맹목적 애국의 울타리를 넘으면 보이는 곳에는 사람이 있다. 다큐로서의 연출은 조금 아쉬운편.
8,"일본군 &#39;위안부&#39;의 피해자 할머님들과 베트남전쟁의 피해자 분들이 한 자리에 모여 전쟁의 아픔과 피해에 대해 이야기 할때 기분이 묘했습니다. 우리나라는 전쟁의 피해를 받기도 했지만, 피해를 주기도 했었다는 역사를 잊지 않겠습니다."
10,우리나라는 피해자라고만 생각했다가 영화를 보며 우리나라가 가해자였던 나라의 입장을 보니 머릿 속에 많은 감정이 겹치는 영화 너무 잘봤습니다
10,"외화획득 혹은 돈을 번 전쟁으로만 우리에게 인식되든 베트남 전쟁. 그 이면에는 무엇이 있을까? 바로 한국군의 민간인 학살이 있었다. 당시 한국군 자행한 민간인 학살을 겪었던 피해자는 그 상처를 기억하지만, 참전했던 용사들은 역사적 사실을 부정하고자 한다. 누구의 의견이 맞는걸까? 이 작품을 만든 이길보라 감독은 양측의 입장을 보여주며 영화를 이끌어 나간다. 확실한건 당시 한국군에 의해 피해를 본 민간인들이 지금도 두눈뜨고 멀쩡히 살아있다는 사실이다. 민간인 학살 피해자들이 외치는 목소리를 단순히 증거부족으로 외칠 수 있을까? 영화를 보며 이 질문에 대해 여러번 생각하게 된다. 왜 민간인 피해자들이 아직도 눈물을 흘리는 지를 알고 싶으면 꼭 보아야할 영화가 아닐까 생각해보게 된다."
6,"아프지않고 억울하지않은 전쟁이 어디있을까? 단지 , 군인이아닌 민간인 학살같은경우는 가해국과 피해국모두 진심어린해결방법을 찾는모습이 좋을것이다. 그런데 ,베트남은 캄보디아 ,라오스나 미얀마등에 행한 학살및 진행중인 인권침해및차별에대한 책임은 지고있는지 반문해봐야하지않을까"
10,"농인인 아저씨가 자기만의 수화로 그곳에서 일어난 참상을 설명했을 때, 나는 그걸 다 알아들을 수 있었다."
10,"희생자의 기억과 참전자의 기억 간의 전쟁. 희생자의 기억 속에서는 아직도 사그라들지 않는 전쟁. 러닝타임이 짧고, 고증보다는 정서에 집중하였기 때문에 아주 훌륭한 다큐멘터리를 기대하기는 힘들지만 중요한 메세지를 상기하고 있다는 점에서 잘 보았습니다."
내일을 위한 시간
10,호평일색인   내일을 위한 시간 영화 좀 보자 상영관  좀 줘  .. 쓰레기  기업 씨제이 롯데  처 망해야 하는데  ㄴ ㅁ
9,치토스에 길들여진 우리에게 아이비를 맛보여주다.
8,알량한 힐링이 아니라 추운 현실에서도 존엄 찾기
9,"현실의 불행이 삶의 행복을 만들 수도 있다는 것. 그러나 이 삶의 역설은 거저 주어지는 게 아니라, 우리가 잘 싸울 때 얻을 수 있는 것."
7,다른점들은 다른 분들이 다 써주셨으니 저는 이 말을 꼭 해야겠습니다. 남편이 진짜 벤츠남입니다. 대박멋짐
9,산드라는 자신에게 던져진 가혹한 현실 앞에 내 일(my job)을 위한 시간이 간절했다 그 시간은 결국 그녀의 내일(tomorrow)을 위한 시간이기도 했으니까..꼬띠아르 연기는 산드라 그 자체.
10,&lt;카트&gt;가 좋은 영화가 아니라 잘못된 영화임을 알게해줬다. 노동자는 약자가 아니다. 우리 자신이다. 노동자를 약자로 규정하는 순간 상위와 하위 계급으로 나뉜다. 다르덴은 우리 모두는 동등한 존재인데 차별 받을 수도 있음을 알라고 말한다.
10,"여보, 우리 잘 싸웠지? 나 행복해.대사 한줄에 요약된 영화의 주제, 감독의 메시지 그리고... 내일도 이어질 우리의 삶."
9,여기나 거기나 같다는 사실과 명배우가 이런 영화에 출연하다니 놀랍다. 그래 잘 싸웠소. 힘들지만 포기하지 않고 잘 싸웠으니 결과에도 불구하고 후련하다.
10,"그러니까 인생에서 제일 중요한 것은, 용기. 용기. 그리고 용기."
대전 블루스
9,어찌보면 흔한 주제지만 그만큼 많은 사람들이 공감할 이야기죽음을 앞둔 상황에서 나라면 어떤 행동을 했을지 생각해보게 한다
10,누구나 죽음을 맞이해야 하는데...생각하게 하고~준비해야 되겠다는 생각이~;;;
10,"자연의 순환 속에서 죽음이란 그저 일상의 한 현상일뿐.가벼이 준비하는 죽음의 의미로, 현재 살고 있는 삶의 무거움을 다소나마 덜어 낼 수 있는 시간."
8,죽음과 삶을 다시금 생각해보게하는잔잔한 감동과 반전이 돋보이는 영화.영화가 끝나고 난 뒤의 여운이 길게 남는좋은작품!
10,삶에 대해 생각해볼수 있는 힐링 영화였습니다
10,코로나 사태로 죽음에 대해 더 다가오는 주제네요. 앞으로 인생을 생각해 보게되는 사려깊은 감동 영화입니다.
2,노잼 잠이오는 연기력 비추
10,"남녀노소 누구도 피해갈 수 없는 죽음을 진지하게 바라보게 만드는 영화다. 죽음이라는 무거운 소재를 때로는 유쾌하게, 때로는 진중하게 풀어나감으로써 젊은층도 영화에 몰입하게 만든다. 언젠가 겪게될 죽음을 대비하며, 살면서 한번쯤은 꼭 봐야 할 영화라 생각된다."
10,"영화 후반부 대반전이 이마를 치게 만들었다. 죽음이라는 무거운주제를 개성적이고 독특한 캐릭터들을 이용해 때로는 진지하게, 때로는 유머있게 그려낸 점이 인상깊었다. 다시보고싶은 영화로 손에 꼽고싶다."
10,"피해갈 수 없는 죽음을 바라보며, 오히려 현재의 삶을 충실하고 의미있게 살아가라고 얘기하네요.흔한 카르페디엠 일 수 있지만 마지막 반전은 영화의 재미 ^^"
말 없는 사나이
10,"""말 없는 사나이""는 서부 영화 제목같고, ""아일랜드의 연풍""은 매우 진지한 로맨스 영화의 제목같다."
10,&#39;아일랜드 기질&#39;이 뭔지를 확실히 보여주는 코미디. 아일랜드에 대한 감독의 애정이 뚝둑 묻어나는 듯...  원래 한국에는 &#39;아일랜드 연풍&#39;이란 제목으로 주말의 명화로 소개됨. 원제는 좀 의아하군...  quiet man이라니..
10,대박  여자  아이 정말 잘낳게 생겼음
10,20세기 내가 가장 사랑하는 두 영화중의 하나
10,왜 재밌는지 모르게 재밌다. 특히나 자전거 데이트씬은 근래 보았던 어떤 최신멜로보다도 감동이었슴.
7,나는 희극이 별로에요.
1,내가본것중최악 시간아깝다
미스비헤이비어
10,"세상에 남자들만 공감할 수 있는 영화는 한 트럭인데, 여자들만 공감할 수 있는 영화 한 편이 그렇게 보기 싫으신가요? 그렇다면 당신은 새로운 시대의 도태자 입니다. 축하드려요."
10,"처음부터 끝까지 맞는 말밖에 없는데 뭐가 그렇게 불편한 건지 모르겠네요. 한 번도 여성의 입장에서 생각해본 적이 없으니 공감을 못하시는 거겠죠. 공감하려고 하지도 않고요. 페미니즘 영화니까 보기도 전에 무턱대고 욕하거나 평점 테러 같은 무식한 행동하지 말고, 먼저 다른 시각으로 바라볼 줄 아는 능력을 키우길 바랍니다."
10,50년전인데도 세상은 그대로라는게 너무나도 안타까웠다. 바뀌는 것처럼 느껴지지만 아직 존재하는 저 '성적상품화'.
10,이쁘지도 추하지도 않고 화가 났을 뿐인 모든 여자들을 위한 영화
10,1970년과 2020년. 우리는 똑같은 투쟁을 계속하고있다.
10,엔딩에서 그들과 눈맞추는 순간을 결코 잊지 못할 것 같아요! 이 영화를 진짜 관람하고 댓글 다는 사람들은 &lt;미스비헤이비어&gt;가 결코 남녀간의 대립이나 여성과 여성간의 싸움을 조장하는 이야기가 아니란걸 공감할 것입니다. 정말 기본적이고 핵심적인 내용을 유쾌하고 부담없는 톤으로 전달하고 있어요. 섣불리 판단하지 마시고 극장에서 꼭 보세요!
10,"우린 예쁘지도 않고 , 추하지도 않고 , 화가 났을 뿐이다. We're not beautiful , We're not ugly , We're angry."
10,세상을 바꾸는 연대의 힘
10,기대했던것보다 훨씬 깔끔하고 훌륭한 연출. 그리고 믿고보는 배우들의 미친 연기력. 안 볼 이유 하나 없는 영화.
10,신파 없는 감동! 불편 없는 웃음! 좋은 영화의 조건은 모두 갖춘 듯
바다로 가자
10,코로나 19 시대는 쨉도 안되는 우리민족 강제 거리두기 자가격리 시대. 우리시대 야만시대 분단시대.
10,"냉정한 시대와 비대한 현실이 밀어낸 비정상적인 단절의 고통을 한올 한올 소중히 건져올린다. 인식의 불편함을 가져야만 역사의 전수도, 지나쳐버린 아픔을 치유할수 있는 최소한의 기회도 얻게되지 않을까.. 실향민2세대로 많은 공감과 인사이트가 있었습니다. 소중한 기록 남겨주셔서 감사합니다!"
10,"실향민 3세기도 하고 평소에도 이런 문제에 관심 있던 사람이라 좋았어요. 실향민 3세인 손자가 할아버지를 생각하면 하는 감상도 제 생각과 동일했구요. 아직 돌아가시지는 않았는데 물어보고 싶은 게 많았는데, 막상 물어봐도 대답해주는 것 자체가 할아버지께서는 상당히 힘든 일일 것 같거든요. 그 일들을 겪으면서 기억을 떠올리는 게 어려운 일이니까...."
8,"실향민 2세대의 눈으로 1세대 아버지의 이야기를 담았다. 통일을 향한 어떤 당위가 아닌, 세대를 이어 기억의 끈을 이어가려는 노력이 호소력을 갖는다. 경계를 허물고 바다로 가자."
10,이 영화 제목이 바다로 가자니까 바다 구경하고 싶고 영화 재미있어요.
불량한 가족
10,박초롱 갠적으로 좋아하는 연옌인데 첫 영화라고 해서 봣는데 생각보다 잼나서 놀랫음 ㅎㅎ
10,진정한 가족의 의미를 느낄 수 있었어요!! 보면서 감동과 재미가 있었고 편안하게 즐길수있는 영화였어요!!
10,이게 현실성이 있는 영화 였고 더불어서 현실 가족이지 않나라고 생각을 해봤고 박초롱 첫영화였는데 연기 가 하늘땅별땅때보다 더 연기가 늘은거 같아요 재밌게 잘 봤습니다.
10,웃겼다가 울렸다가 난리나는 작품ㅋㅋ 영상미 너무 따뜻해서 힐링했다
10,행복하고 사랑스러운 재미
10,역시 .. 예고편보고 아 재미겠다 하고 본 영환데 에이핑크 박초롱님의 연기력 너무 좋았고 ㅠㅠ 감동적인 영화에요 그리고 생각보다 너무 재밌고 만족스러웠던 영화 였습니당 다들 보러 가세요 후회는 안하실듯
10,공짜 영화표 있어서 봤는데 가볍게 보기 좋았으여
10,진짜 오스트가 영화랑 잘 맞고 또 연기는 아직 경력이 많이 부족한 배우 치고는 괜찮은 편이다 솔직히 보면서 울었는데 보고나서 여운이 남는 영화임
10,가볍게 재미잇게봣어용
10,"이야기 전개가 잘 짜여져 있다거나 세련된 구성의 느낌은 없지만, 불량 청소년? 이라고 하긴 그렇고 청소년들 사이에 있을 법한 이야기를 가족적으로 잘 담은것 같고, 무엇보다 박초롱의 연기를 볼수 있어서 좋았다."
산티아고의 흰 지팡이
10,산티아고 순례길의 멋진 풍경을 보는 것만으로도 가슴이 뻥 뚫립니다.
8,그녀는 보이지 않았지만 오히려 보이는 나에게 보이지 않는 것을 알려주웠다.
7,순례길 오랜만에 볼 수 있어 좋았어요
10,지나온 인생을 돌아보게하는 영화~~산티아고 순례길을 걸어보려는 계획을 세우게합니다.
6,무엇보다 영상미가 아름다웠습니다.
10,굉장히 많은것을 생각할 수 있는 영화였습니다.
10,잔잔하고 좋네요산티아고 정말 가보고싶어요.
10,산티아고 순례길의 아름다운 풍경과 함께 인생을 이야기해주는 힐링 영화입니다~
6,한 번쯤 가보고 싶은 여정
10,너무 보고싶습니다.구입해서 보고싶은데 네이버 다음 등 어느 한 곳 아직 등록이 안되어있네요..언제쯤 구입할 수 있을까요
소셜노마드
10,빠아끄~!보는 내내 집중해서보게되는 몰입감 좋네요
10,학생인 저의 가슴 한켠을 뜨겁게 울리는듯 했습니다.모두들. 한번씩 꼭 보시기 바랍니다.
10,너무재밌어요 꼭보세요
10,젊은 청년들의 꿈을 그리는 영화네요 두근거림이 좋습니다
10,다큐멘터리가 아닌 진짜 이야기여서 좋았습니다! 나에게 일어날 수 있는 이야기라서 감동이 있고 재미가 있어서 공감 100%! 뒷 이야기들도 궁금하네요!!
1,평점 조절용 평점
수색자
10,별점 2개 반점 준 초딩은 누구냐?이 영화는 인종주의를 옹호하는 정통 서부극이 아니라 인디언을 비판어린 시각으로 보는 백인을 비판적인 시각으로 보는 수정주의 서부극이다. 알지도 모르면서 이 영화를 함부로 평가하지 마라 초딩들아
10,"관람자를 압도하는 영상, 짧은 시간에도 선명한 로맨스와 유머, 부족함이 없는 완전한 인물들, 그리고 거대한 풍광을 담아내는 촬영은 기원에 가깝다. 반 세기를 넘는 현대성과 영상만큼 압도적인 존 웨인의 눈빛마저 모두 역사적이다."
10,복잡한 이론 다 집어치고... 일단 재밌자나
10,가장 휼룡한 서부극이자  모든 것이 담겨있는 영화
7,볼만하다 존웨인의 남성미를 느낄수있다
10,평점 조절이 필요함. 7점대 영화는 아니라고 생각한다.
10,"이 영화는 인디언 과 백인의 대결이나 정복자 피정복자...뭐 그런 사상이나 이념 그런 거 떠나서 그냥 하나의 서부극 영화로 봐야 함. 미 남부 배경이 멋있고, 마지막 영화 끝나기 전에 존 웨인이 홀로 등을 돌린 채 홀로 터벅터벅 걸어 가는 뒷모습이 아주 애절했던 기억...미 서부극의 수작임."
9,보수주의자가 새로운 질서.첨 보는 세계에 직면할 때의 반응은?미국의 서부를 넘어 전 인류가 질문해 볼 주제.
10,
10,와~~~57년도에 한국서 개봉 했다면 나도 태어 나기 한참 전이네 ~ㅎ 존웨인 할아버지 나온영화 아니 명작이겠지? 지금 tv The Move방송에서 해주고 있네
스쿠프
7,휴 잭맨은 악역을 해도 선역같이 멋있네~ ㅋ
8,어느 순간 드라마장르가 바뀌는데 이질감이 없다.
10,정말 잘 만든 영화. 역시 우디.
7,장르를감독의 뛰어난 재치로 바꿔버리네요 볼만해욬ㅋㅋ
7,우디 알렌 스타일의 유쾌함이 느껴지는 영화
10,보기에 유쾌한 영화였다. 특히 우디 앨런 감독이 제일 재밌었다.
6,부담 없이 가볍게 즐기는 로맨틱 코미디와 약간의 범죄 수사
8,"스칼렛의 약간 푼수같은 스타일연기 ㅋ 베플 감상평이 나랑 같은 생각 ""부담 없이 가볍게 즐기는 로맨틱 코미디와 약간의 범죄 수사"""
6,죽어서도 수다떠는 우디 알렌 ㅋㅋㅋ
8,이 영화 매력있네.. 근데  포스터가 저게 뭐야..
시라이
3,에라이  ))))((((
1,진짜로 엄청 재미없어요.돈아까움 금방 무료로 올라올듯
2,공포영화를  보고싶었는데 개같은 촌구석 영화관에 딱하나있던 공포영화가 이 개같은 영화였다는게 참을수 없이 화가났다 그와중에 엔딩크레딧 ost는 내취향이라 이노래를 듣기위해 1시간짜리 광고를 본 기분이었다
1,나만 재미없었나? 보는 사람도 적고 방영하는 곳도 적고 보다가 지루해서 거의 자면서 봄ㅠ 감독 소설은 좋아하는데 영화는 아닌듯;;
1,[안보는게 낫다] 라는  분... 무섭지 않으세요??? 영화의 내용은 [안보면 죽는다] 입니다... 난 봐서 살았는데.. 내 소중한 시간이 죽었습니다..ㅠㅠ
2,.... 이것도 공포 영화라고 참나.. ..  전설의고향보다 못하다
1,"그냥 ,, 정말 전형적인 일본느낌의 공포영화..귀신은 정말 웃겼다 .. 박나래씨가 맘먹고 분장하면 더 무서울듯하다.퀄리티도 높을듯 주인공 의문의1패의 정말 얼탱이 없는 최악의 결말.시라이는 꼭 피하시고 차라리 살아있다를 보겠소"
1,유튜브에서 토요미스테리극장 아무거나 두번 보는게 더 낫습니다 이영화는 쓰레기예요 주인공들이 링처럼 살고싶은 의지가 전혀없음 남주는 아 귀찮아 대충죽고 끝내자 이런느낌이고 여주는 있으나 마나임
1,진짜 개 노잼... Btv로 11000원주고 봤더만무서운장면은 10분도 안나오고무서운장면의 CG도 어이없어서 웃겼음 ㅋㅋ스포같아서 말은 안하겠지만 진짜 충격적으로 어이없는 부분 많으니 1000원 되면 보던가 보지말던가 하세요
1,cg 장난치냐...
쓰루 더 파이어
10,소방관으로서 사람생명을 목숨걸고 구해내는 사명감이 너무자랑스럽고 듬직하네요 열심히살아가는모습이보여졌어요 영화추천!!!
6,소방관 ....정말 대단하신블들입니다
10,매우 감동적으로 보았다 눈물 쮤금 나고 매우 감동적
10,"다시 일어서기 위해 큰 용기로 버틴, 벅찬 준비과정"
"아무튼, 아담"
10,박평식아? 그게 평론가라는 타이틀을 달고  할말이냐?에휴;;
8,재밌었음. 박평ㅅ 평론가님 꼭 ㅂㅅ 되셧음 소원합ㄴㄷ
10,"박평식인지 박ㅂㅅ인지는 잘 모르겠는데 ""어쨋든,발기""ㅋㅋㅋ 그러고도 니가 평론가를 떠나 사람이냐ㅋㅋㅋ"
10,실화 바탕 감동 실화 아무튼 아담 너무 감동적으로 봤습니다 ㅜㅜ 세번 울컥 눈물.... 힐링 받고 싶으신분 꼭 보세요 박평식 평론가 글은 저도 봤습니다 좀 심한듯 ...
8,예상대로 감동적인 실화 바탕의 영화입니다. 그나저나 영화 평론가란 사람이 어떻게 이 영화를 보고 이딴 평을 남길 수 있는지...
10,"울고 웃고 반복한 영화, 기대 만큼 정말 좋은 영화였다. 특정 장애를 가진 사람들만의 이야기가 아닌 우리의 인생이야기인것같다. 누구나 각자 어려움을 겪고 있고 그것을 위해 노력하여 극복해나아간다. 특히 아담의 인생에서는 아무에게나 주어지지 않는 사랑이 더욱 돋보인다. 가족, 친구, 간병인 진심가득한 사랑말이다."
8,희생자가 아닌 생존자로 내 스스로가 선택한 삶을 살 수 있도록
10,힘든일이있거나 할때 보면 위로가 될것같아요 특히 코로나로 힘든 요즘 많은분들이 이영화를 보고 힘내셨으면 좋겠습니다
10,박평식이가 저래되면 평점다시하려나
10,요새 많이 힘들었는데 영화보고 힐링했어요. 이런 이야기는 언제나 마음이 따뜻해지는 것 같습니다. 그리고 남자 주인공 연기가 너무 좋았다는 점!!
애프터 웨딩 인 뉴욕
8,영화는 괜찮았는데 관람평을 스포부터 하는 평론가가 있네요
10,미셸 윌리엄스 연기가 너무나 좋았던 ㅠㅠ.. 감동
9,아무리 원작이 훌륭하고 리메이크작이 못마땅해도 평론가 평이 &#39;긁어 부스럼을 만든 감독&#39;이라니... 감독뿐만 아니라 이 영화를 의미 있게 본 관객들까지 무시하는 평이라 보입니다. 그 평론가에게 말해주고 싶습니다. &#39;당신은 긁어 부스럼을 만든 평론가입니다.&#39;
10,우리가 삶을 스치는 걸까? 삶이 우리를 스치는 걸까? 요즘 많이 들던 생각들과 겹쳐서 공감됐다
9,"평점이 혹평과 호평으로 양극단이라서  큰 기대없이 보았는데, 저는 근래 본 영화중에서  가장 좋네요.  잔잔하면서도 생각할 여지를 남겨줍니다."
10,크로스젠더로 더 와닿았고 여운이 긴 영화
8,여운이 오래갈듯 농담 아님
10,생각 이상의 ㄱ재미가 있던 영화입니다
8,"마치 스릴러를 보는듯한 미스테리한 진행으로, 인물간의 미묘한 감정선을 타고 새로운 사건이 일어나면서 퍼즐이 하나씩 맞춰진다. 연기는 물론이고, 아름답고 깔끔한 영상과 잘 어울리는 배경 음악도 좋았고, 마지막 줄리안 무어의 절규엔 나도 울컥했다."
10,배우들의 연기가 인상깊었다!
어메이징 그레이스
8,흑인 가스펠의 진수. 첫곡 wholy holy 시작하는데 눈물이 줄줄 나옴. 비유나 과장아니고 내가 진짜 미쳤나 싶었음. 예수쟁이 아님. 90분 충만한 공연이었음. 내가 교회사람이었으면 여기저기 홍보했을 듯.
8,"영화는 예전 가스펠 음악을 교회에서 녹화한거라 생각보다 화질은 안좋으나 음악도 좋고 그 당시의 매력을 느낄수있는 시간이었습니다. 그런데 서울극장 11월 마지막 토요일 오후, 이 은혜롭고 잔잔한 음악에 집중해야하는 영화에 중간쯤 앉아서 늦게들어와서 남들 신경안쓰고 봉지 부시럭거리고 계속 수다떨었던 분들때문에 집중안되서 기분이안좋네요. 제발 본인들만 있는것도 아니고 개념 챙기고 배려심 챙기시고 부끄러운지아세요! 대체 이런영화보면서 그런 행동을 할 수 있는지 전혀 이해가 안 됩니다."
10,어메이징 그레이스. 나 같은 죄인 살리신 가장 위대한 명곡
9,소울이 느껴지는 가스펠의 진수를 보았다.스토리없이 음악으로만 만들수 있는 이유이기도 하다.짱
10,"너무 은혜받은 시간이었습니다찬양을 묵상하며, 하나님께 열광돌리는 교인들의 모습이 너무 아름다웠습니다."
9,가스펠의 진수를 느끼고 왔습니다. 음악적으로나 종교적으로 만족스러운 시간이었습니다.
10,어릴때 들었으면 전도 당했겠네
10,와이거진짜뭐지? 지짜최고 가스펠좋아하는사람이면 눈물안날수가없음
9,
10,광주극장에서 봤는데 신의 재능을 보았슺니다 홀리홀리~
용쟁호투
10,이소룡의 대작이죠. 정무문과 함께 최고의 영화로 개봉된지 40년이 되었지만 여전히 최고의 영화로 남아 있죠.
10,40연전 액션이라는게 믿어지지않을정도로 경이롭다..이소룡의 카리스마를 능가할 홍콩액션스타가 지금까지도 없다는게 아쉽지만 이소룡은 역시 전설이다!!
10,거울배틀은 지금봐도 예술~~ 뭔가 스타일적으로 시대를 앞서나간 영화랄까
10,40년 전 영화 맞나..
10,파이터 영화의 바이블이지 싶다...이 영화 너무 많이 봐서 꿈에 싱하횽이랑 같이 싸움....ㅇㅇ.와아양~~
10,이 명작을 본다는 것 그 자체가 영광이다. 뭘 더 말하겠습니까...
10,평점이너무 낮자나요즘cg 와이어액션이랑 비교도안되고 이소룡의 그타겨감은 누구도 따라올수없을만큼 전율이온다 이소룡보다 빠르고 화려한액션을 할수는 있겠지만 이처럼 선이아름답고 w박력있는 액션은 앞으로도나오지 않을것 ㅜㅜ
8,이소룡이 선구자라고 불리는 이유를 알게되는 영화....
10,롱테이크로 격투씬을 이토록 정직하게 보여줄 수 있는 배우. 전무후무하다.
9,단순한 액션영화를 넘어선 이소룡 영화
울지마 톤즈 2 : 슈크란 바바
10,정말 감동적인 영화 입니다. 신부님의 삶을보며 저의 삶도 되돌아보는 계기가 되었습니다
10,이태석 신부님의 삶을 보았습니다 ... 온몸으로 사랑을 실천하신 불꽃같은 그분의 삶을...영화를 보면서 잊고 있던 행복한 시간뿐만 아니라 삶의 의미 또한 찾아봤으면 좋겠습니다. 참 좋은 영화입니다. ~
10,위대한 인간 그 자체 입니다.
10,스타워즈 보려다 부모님께서 보자고 하셔서 봤는데 정말 감동적이에요 제가 얼마나 행복한 삶을 살고 있고 행복의 의미에 대해 다시 생각해보게 됐네요. 많은 생각을 하게 만드는 영화.
10,평범한 사람이지만 동시에 너무 대단한 분이다. 종교적인 메시지는 없으니 평소 관심이 있었거나 책을 접한 사람은 꼭 한 번 보았으면 좋겠다.
10,우리나라에서 난 최하위에서 10%겠지만 전세계로 보면 최상위 10%일지도 모르겠다는 생각이 들었어요. 이 시대를 살아가는 사람이라면 꼭 봐야 할 영화입니다
10,빛과 소금이 되신분 대단하시고 감동입니다 ㅠㅠ
10,진정으로 아름다운 분. 풍요로움 속에서도 여전히 물질적인 것을 추구하고 경쟁하며 살았던 자신을 되돌아보게 됐습니다.
10,아... 이런 분이 계시구나...
10,&#39;한 알의 밀알이 땅에 떨어져...&#39;성서구절이 보는 내내 떠올랐습니다...두려움없는 사랑을 실천하다 가신 신부님 존경합니다.뵌 적 없지만 그립구요.지금 톤즈는 어떻게 지내는지도 나왔더라면 더 좋았겠다 하는 아쉬움이 있습니다.
울프 콜
9,"깊은 물 속에서 오직 소리에 의지해 발빠른 대처를 해야하는 긴장감을 최대한 유지하면서, 복잡한 ‘원칙’이 서로 부딪힐 때 발생하는 딜레마를 완벽하게 살렸다. 헐리우드식 연출이라면 영웅서사 특유의 감동에 방점을 찍을 부분에서, 프랑스 영화 답게 냉혹한 현실의 멜랑꼴리함이 더욱 강조된다."
9,긴장감 어마어마함 연애 장면은 불필요
10,잠수함에서 음파탐지분야가 얼마나 중요한지 알수있는 스펙타클한 좋은영화였습니다.디테일에 감탄하였습니다.1917보다 감동적이었습니다.
10,저 돈안받았고요 알바도 아닙니다이런거 처음적어보는데 정말 재밌었고 곧 예매순위 1등찍을거에요!강추드립니다~
10,잠수함 영화라는것만 알고 봤는데 생각보다 훨씬 긴장감도 넘치고 좋았다 ㅠㅠ 주인공이 소리 들을때 같이 숨참으면서 나도 집중하게 됨
9,머리채잡고 잠수함안으로 끌어들입니다; 몰입도랑 사운드 미쳤고 너무 재밌게 봤어요. 하지만 주제 자체가 무거워서 가벼운 오락 영화는 아니에요.
10,괜찮은 전쟁영화 신선하고 재미있다!
10,평점왜이럼?좆노잼조선영화보다 2000배낫다.간만에 즐겁게본 영화중하나.재밌어요
10,실제 핵잠수함이라니 촬영 섭외 어려웠을듯 작품성 있는 전쟁영화는 오랜만사운드 때문에 라도 극장에서 보삼 지금 사람 없어서 갸꿀
10,요세  영화솔직히볼거없잖아요ㅜ 이거보셈 재밋음 1917 이랑 이거보셈 나머지영화는 그닥...
윤희에게
10,"""추신. 나도 네 꿈을 꿔"" 마지막 장면에서 윤희의 목소리가 내 눈시울을 붉혔다. 그리고 새봄아 너무 고마워"
10,"은은하고 그윽한 영화였습니다. 희애×소혜의 모녀케미도(정말 모녀지간 같음 심지어 닮았음...), 유빈×소혜의 꽁냥케미도 다 보기 좋았고, 영화 내내 내리는 눈에 따스함마저 느껴지는 색감이 무척 인상적이었습니다. 영화 끝나고 나오니 마침 만월이더군요, 여운이 오래 남을 것 같습니다. 좋은 영화에 감사드립니다."
10,이런 영화가 더 많이 생기길 바란다
10,후반부 유재명 아저씨랑 나올 때 눈물 터짐 ㅠㅠ 행복해야해 윤희야
10,우리들의 잘못이 아닌 것에 대한 이야기
10,"잔잔하고, 감동이 있습니다설경의 잔상이 오래가네요군더더기 없는 영화"
10,"난 이 영화가 왜 이렇게 좋을까. 접근하기 쉽지 않은 소재를 이렇게 반짝반짝하게 빚어낼 수 있다니, 감독의 재능이 놀랍다. 단연 최고의 '연말 무비'이자 2019년 '올해의 영화'."
10,이미 완전히 끝나버린 사랑도 있고 이제 시작하는 풋풋한 사랑도 있고  서로를 그리워하는 사랑도 있습니다 .여러가지 사랑이 서로 교차하면서도 그 느낌을 분명하게 보여줍니다퀴어영화로 보셔도 만족하실테고 서로를 그리워하는 친구의 영화로 보셔도 만족하실겁니다 . 영화에 대해 공감할 준비가 되어있고 누군가를 그리워 한 적이 있다면 추천합니다.
10,아내와 딸과 함께가서 봤습니다. 매번 시끄러운 영화만 보다가 생각할거리를 안겨주면서도 연말의 우울을 위로받을수 있는 영화임에 여운이 오래였습니다. 아내가 갱년기라 겨울이면 우울증이 심하게 오는데 마치 영화속 윤희와 새봄처럼 딸이 준 선물같은 영화에 오늘 하루정도는 우울을 벗어낸 것같습니다. 사랑하는 이들과 함께가서 보면 정말 좋을 영화입니다. 이런 좋은 영화를 준 감독 배우들께 감사드립니다.
10,부치지 못했던 편지들이 떠오르는 영화에요.
이유없는 반항
10,제임스딘  매력적이다 그 옛날 영화라고 믿기지  않을 정도로 작품성도  뛰어나다.
10,시대를 초월하는 그의 눈빛
7,이해하려고 하지마... 이유가 없으니까
9,"전설의 영화. 제임스 딘 정말 간지난다... 화려한 고전, 위대한 역작!"
10,제임스딘 살아 있었으면 하네.
7,뭔가 알맹이가 빠진 거 같다..
10,제임스딘 왜 유명한지 이걸보고알았다 간지쩌내 50년전이아니라 10년전같아;;;
10,성장하는 과정. 그 과도기의 아픔...
6,멋진 제임스 딘의 눈빛..
10,제임스딘의 명작영화 제임스딘의 반항연기는완벽햇다그멋잇고 잘생긴 얼굴은정말환상적이엿다
죽도 서핑 다이어리
1,"뭐가 이리 어설프고, 전달하려는 내용이 뭔지? 오늘만 사는 파도 위 서퍼들처럼 그냥 서핑이 좋아서 시나리도도 없이 만든 영화같음. 웬만한 독립영화보다 내용이 없음. 완성도를 위해 껴 넣은 출연 배우들 때문에 더 민망함"
1,TV드라마 스페셜보다 못한 영화.... 감독은  도대체 뭘 말하고 싶은걸까? 총체적난국...
1,낭비다 돈낭비 인력낭비
6,배경도 반갑고 나오시는분들도 실제 양양 서핑샵 강사분들이 나와서 반가운 영화였네요. 다만 너무 b급영화 느낌잌ㅋㅋㅋ
4,서퍼들을 위한 안식처
7,왜 비키니입은 서퍼는없는걸까요
2,하.  진짜 재미없네. 내 시간
5,죽도 홍보 영상? 영화도 드라마도 아니고 그렇다고 다큐멘터리도 아닌....
5,큰 내용없고 그냥 시원한 바다와 서핑타고 싶게 만드는게 다인듯
3,중간중간 인터뷰식의 대화장면이 영화라고 보기 힘들정도로 대본없이 그냥 막찍은듯합니다 아마 자연스러움을 위해 그랬겠죠? 술집씬 등에선 배우들의 목소리가 전달되지않을정도로 오디오 퀄리티가 낮았습니다 서핑을 좋아하는 서퍼들도 갸우뚱거리게 만드는 영화였어요 국내서핑 영화라면 차라리 유튭에 무료공개된 윈터서프2 를 보시는게 훨씬 더 낫습니다
창은
10,김우순 사랑해요ㅠㅠㅠ
8,자신의 위치나 처지에 따라 이영화가 주는 의미는 다양하게 다가올 것 같다. 열심히 살아 보려는 창은에게 가족들은 걸림돌 이었을까. ? ... 돌이켜보면 가족이란 울타리에서 당연한 대가를 바라며 살고 있진 않은지 혹은 그랬는지 돌아보게 되는 영화. 감명깊게 봤습니다 .
10,살아생전 이런 영화 처음 봅니다. 사는게 재미없고 팍팍하신 분 강추합니다. 주의)배꼽을 분실하실 수 있습니다.
10,"지금 사회를 살아가는 청춘들이 한번쯤 느껴봤을 법한 감정들을 많이 느낄 수 있었어요.덕분에 영화 보며 뭉클했던 순간들이 많았네요.영화에 나온 배우들, 특히 주인공 역할 맡은 배우가 참 인상깊어서다른 작품도 기대되게 만들어주더라고요!남들에게 말하지 못했던 나의 어린 시절을 되돌아보고 싶으신 분들에게 강추하는 영화입니다."
8,스토리와 연출에서 어설픔이 느껴지지만 그 안에 담긴 진심이 느껴지는 영화였습니다. 앞으로도 좋은 작품 만드셨으면 좋겠네요.
10,우순피디님 잘생겼어용ㅎ
4,창은아  나보다 형같아 보이는데 니가무슨 막내야 형38살이다
9,시놉시스를 보고 막내아들로서 공감대를 이르키게 하여 봤는데 생활연기가 굉장히 호감이었다!
10,이것은 연기인가 실제인가 모를정도.감독의 의도를 알듯 모를듯 무섭게 파고드는 현실감 개쩌는 코메디.제정신이 반드시 아닌 사람들이 만든거다 이건.그저 미쳤다는 말밖에 안나온다.고봉수를 제낀다 확실히.
테우리
7,줄거리를 잘 이끌고 가다가 이상한 반전으로 느껴지는건 개연성이 부족해서 일거다. 괜찮은 전개와 인물구성인데 아쉽다.
6,"양춘배, 양춘배! 테우리가 되고싶었던 남자"
2,진짜 이런걸 왜 만들까 ㅡㅡ 이해가 안가네
2,재미없다.
4,작은 접시에 너무나 많은 것을 담으려했네요. 웃음도 감동도 반전도 그다지 ...
6,"기대않고 봤는데, 배우들의 연기가 자연스럽습니다. 짱구의 연기가 제일 어색합니다."
3,"그냥 보기가 힘들었다,,"
10,"마지막에 주인공이 죽음을 선택했다면, 보다 원만하게 상황이 정리되었을 것이다. 그냥 살아남기로 결정했기에, 남은 날들은 이제 전보다 더 죽음과 같을  것이다. 이 영화의 내용, 특히 그 흐름과 결말에 동의하지 않으면서도 내가 10점을 남기는 이유는 인간으로서, 나 역시 그 상황이라면 결국엔 살아남는 것을 택하지 않을까 하는 마음 때문이다."
5,여전히 지속되는 감추려는 자들과 밝히려는 자들과의 대결
2,잘못됀 진실?이프로 부족이 아닌 이프로가 남았네요
프리저베이션 홀 재즈밴드
7,브에나 비스타 쇼셜클러 외전
10,모든 음악은 하나의 길로 통한다.
1,개노잼  영화에 쓴 내돈이 아까움
하트
10,재수없어서 제섭이에요? 정 가서 정가영인가?ㅋㅋㅋ
10,오늘의 정가영이 어제의 정가영에게. 그리고 내일의 정가영으로.
10,"정가영,,,당신만을 사랑해스토리가 너무 매력있다. 분명히 호불호는 갈릴 것이지만 분명히 매우 좋아할 사람들도 있을 영화"
10,보면 볼수록 정이 가는 울 정가영 감독님 하고 싶은거 다해요!!! 정가영 사랑해!!
7,부국제때 잘봤습니다 ㅋㅋㅋ발칙한영화ㅋㅋ 찌질한 방어연애 그자체를 보여주는ㅋㅋ 꼭 깐느영화제 가시길 !!ㅋㅋ
8,이번에도 대사빨 좋고 솔직하고 시원시원 쿨하고 적당히 예쁘게 감추지 않고 형식적으로는 일기장처럼 층이 복합적이고 그렇다고 지리멸렬하지는 않고 연기들도 좋고 무척 재밌었습니다만 소재가 데뷔작이랑 겹치네요. 좀더 평가받아야할 연출자인듯.
6,"정가영 감독만 할 수 있는 영화. 누가 따라 할래도 할 수 없다. 앞으로도 쭉 감독님이 하고 싶은 이야기 해나갔으면 좋겠다. 유니크하고, 좋아하는 사람들은 좋아할 영화를.."
6,이미지보다 말이 많은 영화. 대사들을 어떻게 이렇게 잘 쓰고 잘 말할 수 있을까.
8,대사가 너무 좋았어요ㅜㅜㅜㅜ
7,감독 정가영과 사람 정가영의 두가지 고민이 담겨있는 영화. 깐느에서 꼭 만나요
호우시절
10,"실제 출장시 이 영화와 매우 유사한 일을 겪은 사람으로써 한마디..정우성의 한국식 영어, 고원원의 중국식 영어는 정말 현실적인 영어다.두 사람 영어가지고 까지 마라. 정말 딱 저 정도 수준과 저 정도 감정이면 충분하다. 추억 돋게 만드는 영화!"
6,허진호 작품들은 매번 너무 좋다.
10,허진호 감독 최고의 영화라고 생각한다. 수채화 같은 사랑을 보여주는 영화.
10,한국판 '러브레터'.. 보면 볼수록 더 매력적인 명영화예요..^^
10,오늘같이 비오는밤  딱 어울리는 영화   고원원의 중국어를 듣고 중국어 배우기 시작했던 추억이 떠오른다 ..   다운로드 해놓고 가끔씩 꺼내보고 싶은 영화
7,호날두가 안나와서 7점
2,우리형 호우 !!!!~
10,우리형이 출연한 영화인데 당연히 10점 줘야지
9,로맨스영화가 이정도면 수작이지...정우성도 멋지고 고원원 진짜 매력있다.
9,노란자전거로 그들의 사랑은 계속되네
결백
6,평점 알바 특. 내용얘기보다 배우 연기 좋단말만 주구장창함...
1,평점 알바풀었나...
2,배우들의 연기만 좋았음 하지만 단점이 확실히 보인다. 영화 초반부 사건이 터지고 주인공의 변호사 실력을 보여주는 장면 그리고 잊고 살았던 아버지의 상을 뉴스로 접하면서 고향에 내려가는 초반부 까지만 영화는 잘 굴러갔다.  그 뒤로는 엄청난 부자연스러움과 신파들 이미 신파극은 신과함께에서 전부 써먹었다. 너무 나도 부자연 스러운 주인공 하루걸러 비가 오지만 우산쓰는 장면은 없다. 변호사라는 직업을  가졌음에도 폭행을 당해도 전혀 뒷말 없는 너무나도 인자한 변호사. 경찰이된 동창 그 동창은 온 마을사림들이 싫어하는 가족을 자신만은 그렇지 않다고 사건을 처음부터 계속 도와준다.(극중에서는 정말 오랜만에 만나는 상황임) 영화의 문제는 짧은 초반을 빼고서 뒤에 이야기는 전부 주인공과 어머니 그 가족들에 대한 이야기로 쭉 흘러간다. 이부분이 가장 중요하지만 한국 특유의 신파를 너무 길게 끌었다. 후반부에 폭발하듯이 터지는게 아니라 중반부터 계속해서 딸과 어머니의 신파극이 주를 이룬다. 또한 과도한 bgm 이러한 문제는 한국영화 인랑에서 많이 느꼈다. 바뀌는 상황마다 모든 장면에 bgm이 깔린다. 과한 bgm은 감상에 방해가 된다고 생각한다.
1,댓글 알바 소름이다 ㅋㅋㅋㅋ 너무 중간 중간 억지 감동 포인트 우겨넣어서 불편했는데 결말까지 그렇네 ㅋㅋㅋㅋ 댓글알바 특: 배우 연기 미쳤어요~ 꺅 ㅋㅋㅋㅋ
1,실망 뻔한스토리에 억지스럼
1,뻔한 신파극 평점알바풀었나 배우들 연기만 좋음
1,뻔뻔한 연출 식상한 유머코드
10,신혜선연기 넘 좋았어요!!
10,신혜선 배우 큰 스크린으로 봐도 아우라 장난아니다. 연기력 원래 쩌는건 알았는데 이번에 새삼 다시 보게됨! 동생 역 배우도 처음 보는데 연기 너무 잘한다. 연기구멍 1도 없어서 그런지 몰입도도 좋고. 오랜만에 극장에서 한국 영화 볼 맛 남!!
1,평점 9.71은 오바다 7점 정도가 적당함
내친구아내
9,진주는 언제봐도 맛나보임!!!
10,근친시리즈는 계속된다.!
9,진주누나 졸라이쁜데;; 요즘 진주누나씬만 오려붙이는중
1,배우가어지간히없나보다똑같은배우가제목만다르게해서사골로끊임없이출연하네
10,"난 나름 좋아는데, 한번 보세욬ㅋㅋㅋ"
2,물체가 움직이거나 어떤 일이 진행되는 빠르기
더 차일드
10,가벼운 유모차에서 무거운 스쿠터로..살포시 성장을 은유한다.
8,둘이 그렇게 머리를 맞대면 뭐든 못헤쳐 나가겠니.
6,너무 갑작스런 참회는 공감가기 힘들다..
8,끊임없이 사고 팔다가 사지말아야할것과 팔지 말아야할것에 손을 대고말았다. 다커서 어른이 되지 못한 이유는 무엇일까
8,부모의 무관심 속에서 아픈경험을통해 성장하는 아이들...
10,다르덴아저씨들 완전좋아요
8,쓰레기 같은 브루노의 행실이 쉽게 바뀌리라 생각치 않는다. 용서하고 싶지도 않다.
6,솔직히 연민보단 분노가 치밀었다. 경험해봐야만 옳고그름이 구별되는건가?
7,브뤼노의 울음은 한꺼번에 터진 성장통
7,"소재는 마음에 드는데, 전작인 아들에 견주면 큰 울림은 없다"
도둑들
8,ㅋㅋㅋ스토리도 탄탄하고 연기자들 연기도 누구 하나 나쁘지 않았는데 왜 저렇게 별로라고 그러지ㅋㅋ남들이 별로라 하니까 괜히 휩쓸려서 나쁘다 하는거 같은데 웃김ㅋㅋ이 정도면 평타는 쳤음
8,걍 전지현의 매력을 다시 살려준 영화..
6,웨이홍 역 캐스팅에 돈을 좀 투자했었어야....
8,사기꾼들이란 제목이 더 어울릴정도로.. 계속된 뒷통수 반전들이.. 2시간 넘게 집중할수 있는 했던.. 오락영화로 괜찮네..
8,김윤석 액션 연기 볼만했음
9,가벼운 마음으로 보는 킬링타임용으로 제격. 상업영화도 이정도로만 만들면 영화값이 아깝진 않을듯.. 아쉬운 부분도 확실히 있었지만 캐릭터만큼은 맛깔나게 잘 살림. 김윤석과 김혜수 전지현 연기보는 재미도 쏠쏠했음.
10,전지현굳굳
8,재밌어요
10,아따김수현잘생겼다
10,재밌어요..! 제 취향인진 모르겠지만 임달화씨 멋있었어요ㅋㅋ
뮤지컬 쉬 러브즈 미
10,졸라 잼있음 한번 보세요
10,스파이더맨 대신 이거 보길 잘했다 생각 드실겁니다 ㅎ 아날로그 사랑에 빠지게하는  영화
9,내용도 재밌고 넘버도 좋네요. 무엇보다 달달해서 좋았어요
10,음악과 연기에 너무 반해버렸네요! 강추강추!^^
8,"로맨틱하고 달콤한 러브스토리, 재미있게 보았습니다."
10,정말 강추에요 꼭 보세요
8,공연장에 있는듯해 박수 찰 뻔 했어요.. 너무유쾌하고 재밌어요.. 그리고 크리스마스 되기전에 가까운곳 에서 인연을 찾아봐야 겠어요.. 사랑하고 싶은 영화였어요~~^^
7,초반부는 조금 지루할 수 있는데 뒤로 갈수록 재밌어집니다.가벼운 뮤지컬 한편 본 기분입니다.음악은 오케스트라가 뮤지컬을 할 때 즉석에서 연주를 해서그런지 정말 좋았습니다. 그렇지만 원작을 스크린에 담아내는건 조금 한계가 있었던 것 같습니다.
10,재밌게 봤어요ㅋㅋㅋ 추천
10,다운받아 보았지만 정말 최고다
미션
10,"기자/평론가 평들 진짜 한심하다,,, 삐뚤어지고 편협한 시각을 버리시길,,, 도대체 어떤 영화를 봐야 서구중심적이라는 느낌이 안들겠는가,,,"
10,"`영화평론가` 황진미 씨 아~주 유명하시지, 자기중심적 사고방식의 선두주자께서 저런 리뷰 남기시니 아이러니하면서도궁금하네요, 평소에 과연 얼마나 남들을 위해 사셨는지"
10,정말 자기중심적인 것은 황진미 자네일쎄..
8,ㅋㅋㅋ 황진미 저런 사람은 진짜 웃기는 사람이네 ㅋㅋ 누가 누구보러 반성하라는겨.. 저기 나오는 저 선교사들의 발톱에 때만도 못한 존재가..아무리 막장 개독들이 많다지만 그게 전부인줄 아는 무식은 삼가시길. 무조건 종교를 까면 지적으로 우월한줄 아네
9,이런 명작을 이제서야 보다니....
10,멍에를 지며 눈물로 속죄하는 멘도자의  모습에서 내가 가야 할 길을  보았다.
7,여기 기자 평론가집단은 수준이하...영화가 실화를 바탕으로 종교과 정치의 대립을 보여주고 있음에도 내용은 무시한째 개인의 개똥철학이나 늘어 놓다니.. 모든 재앙은 종교로부터가 아니라 당신들로 부터 온다.. 당신들 이웃에게나 평화를 좀 주는 것이 .
7,"영화 평점은 그냥  본인이 영화를 보고 그  느낌, 감동, 생각을 종합해서 주는 것이지 남의 (특히, 평론가들) 평점에 대한 평점을 주는 것이 아니라고 생각해요~"
10,와인 쳐마시면서 누벨바그가 어떻네 타란티노가 어떻네 떠들고 있을 평론가들이 서구중심 영화니 어쩌니 육갑들 떨고 있다
10,무력이 옳다면 사랑이 설자리가 없소...사랑이 무엇인지 다시금 일깨워준 영화.
미스 사이공: 25주년 특별 공연
10,정말 최고 ㅠㅠ 홍광호도 대단합니다 저런 무대에 함께했다는게 자랑스러워요
10,댓글에 연기칭찬은 홍광호뿐인데 역시 홍광호는 정말 멋있었는데 무엇보다 이뮤지컬 여주인공이 진짜 인상깊어요.목소리가 정말좋고 연기도 좋은데 이 뮤지컬이 데뷔무대라는게 전혀 안믿길정도로요.보시면 후회 절대 없으실거예요 진짜로!
9,조금만 멀리서 찍으면 정말 완벽했을듯해요하지만 그만큼 배우들의 표정연기랑 무대 디테일을 봐서 좋았습니다관람전에 줄거리를 보고 갔는데 별로 마음에 안드는 얘기였지만  기대없이 봐서 그런지 더 재미있었습니다
10,역시 홍광호네요. 독보적인 목소리 짱!!!스케일도 크고 짜임도 알차고  뮤지컬을 영화극장에서 봐도 손색이 없네요.
10,짧지만 강렬한 홍광호.
10,최고!! 현장에서 봤으면 더 좋았을 듯...
10,미스 사이공을 스크린으로 보게 되다니 감동ㅠㅠㅠ 그리고 홍광호 배우님  하트...♡
10,템은 누가봐도 홍광호 아들 아닌가요ㅎㅎㅎ 엔지니어 너무 잘함
9,공연 5분인터미션 갈라쇼 순서로 진행되고 너무 좋았습니다 :)
10,나도모르게 박수치려 손이 몄번이나 올르락 내리락 했는지 모른다..누구하나 최고아닌사람이 없다..
미져리
10,네이버 미친 ㅋㅋㅋ 스포 다 적어놨네
10,진짜 재밌게 무섭다
10,보는 내내 실제 내가 앤에게 벗어나고 싶은 스트레스까지 오는.. 그만큼 배우들의 연기도 일품이요. 흡입력도 일품인 스릴러.
10,보안관 할부지 넘 허무하게 가심 ㅠ
9,한참 전에 본 영화인데 여기 남자주인공이 대부에 나온 소니역 배우였다니... 아무튼 영화 재미남. 스릴감 대박!
10,이런게 스릴러지.. 무서운게아니라 두려운것!
8,"소설 속 인물 미저리는 그녀가 꿈꾸는 자기 자신, 그녀가 키우는 돼지 미저리는 그녀가 생각하는 실제의 자기 자신. 이 메울 수 없는 간극이 그녀의 망상 장애의 근원일 듯. 최후의 일격으로 그녀의 머리를 깨버린 것은 결국 돼지 동상! 넘 잼나~"
10,마지막의 그 타자기로 대갈통을 후려까는 그시원함을 다른영화에서 느낄수있을까
9,보는 동안 단 한번도 시계를 보지 않았다.
9,어느 한 여자의 싸이코적인 광기 이야기. 잼있었네요.
박하사탕
10,한해한해 더해가는 삶의 무게에 비례해 보기가 점점 두려워지는 영화.
10,공포영화보다 이런 영화가 더 무섭다..
10,간혹 한국영화 전체를 까내리고 싶을때가 많은데 그렇게 못하는것이 바로 이 영화 때문이다. 10대들은 이 영화보고 별 느낌이 없는게 당연하다  평점참여에 10대가 14%인데  이 14%만 없었다면 이 영화 평점은 9점후반대가 될것이다
9,"시간이란 철길을 돌려서 풀어내는 한 인간의 인생, 그 야트막한 언덕 위에 무던히도 날 선 역사들이 잡초처럼 우거져 있다. 차라리 이름없어서 순수함 가득할 들꽃 하나, 아름드리 박하향 가득 흩날릴 바람 한 점조차 그곳에선 정녕 허락될 수 없는가?"
10,최고의 한국 영화!..이 때의 설경구가 그립다 주인공 김영호 처럼 변해버린 그..
10,이런게 명작이지
10,관객도 똑같이 아파해야 완전하게 체험하고 이해할수 있는 영화. 설경구는 정말 목숨 내놓고 연기한거 같다.
9,순수는 기차를 타고 절망으로 간다.  하지만 영화이기에 절망은 순수를 향한다.
10,먼저 제의 들어온 배우들 있었는데 설경구 아니면 누가 이 역을 제대로 소화했을까 .  당시 무명 배우가 이런 연기를 했다는게 놀랍네
10,"발에 물이 차서,,,,,,,,,,,,"
아들
9,아비이기에 복수감이 차오르지만 또한 인간이기에 애처로운 너를 나는 용서한다.
9,갑자기 나온 엔딩 크레딧 때문에 너무 놀람. 관객을 그렇게 예민하게 만들다니..
9,다르덴 형제는 어디서 이런 기발한 소재를 찾아낼까?시종일관 인물의 뒤를 쫓는 핸드헬드 카메라가 불편하고 불안하고 쫓기는 심리를 잘 표현해 준다.
9,"다르덴, 경외심마저 느껴진다"
10,다르덴형제는 이미 나쁜 영화를 만들 수 없는 경지에 올랐다
10,요즘 영화들에서 좀처럼 만나기 힘든 순간.. 진심으로 감동받았다..
10,최근 다르덴 형제 작품에 푹빠졌다 로제타와 버금가는 감동적인 영화 추천드립니다
10,"결코 하나로 귀결되지 않는 인간의 심리, 지려버렸다."
10,"올리비에 구르메는 연기하지 않는 것처럼 연기하고, 카메라는 없는 듯 존재하는 마법같은 영화"
10,너무나 일상적이기에 그때마다 내뱉는 대사들이 마치 물가에 떨어지는 소리없는 바위같다.
아멜리에
9,고독이 꼭 슬퍼야만하는건 아니죠
10,너무 사랑스러운 영화 ㅎ
10,감정을 어찌할 줄 몰라서 계획하는 여자를 어찌 안 좋아하겠어
10,사랑스러움의 끝
8,아주이쁜영화한편잘봤음
9,"이 세상에 작은 친절이, 관심과 애정이 얼마나 중요한가"
10,난 이 감독이 좋다
10,슬픔을 가진 사랑스런 아멜리에
8,"비현실적인 화사함과 발랄함, 그리고 사탕같은 달콤함. 그리고 그 속에 숨어 있는 쓰디쓰고 우울한 우리네 인생들을 부드럽게 위로해준다."
10,사운트 트랙이 어쩜 이리 영화랑 잘어울릴까.
에이리언
10,1979년 작 영화가 2013년 작 영화보다 더 우수하다니
10,70년대 작품인데 7광구보다 70배 이상은 낫네
10,프로메테우스 때문에 다시 찾아 보았다. 역시 최고의 SF물
10,희대의  걸작
10,어릴적에 보고 정말 반한영화... sf영화의 신기원을 이룬....... 에이리언 관련영화 중 오리지널 영화... 이영화 이후 90년대까지 에이리언 붐을이룸..... 유사 영화가 엄청 쏟아짐....
10,지금기준을 들이미는사람은 뭔가요; 이순신 장군이 현대전 오면 발린다는 얘기랑 다를게 뭐임;; 1979년도에 저런 상상력과 연출이라니.. 시대를 앞서간 SF의 영원한 걸작. 재미도 감동도 없이 CG 떡칠이나 하는 쓰레기같은 요즘 SF들은 반성좀 하길..
10,에일리언 시리즈 중 제일 재밌다 어제 감독판 봤는데 우리나라영화보다 30년이상앞섬
10,말이 안나온다. 첫 장면에서 우주선 내부 보여주는 씬 이게 79년도 작품이란게 상상이 안갈정도로 엄청난 퀄리티를 보여준다. 영화 세트 하나하나가 시대를 앞서가는 SF 신기원을 이룬 명작
9,렘버트 내가 죽이고 싶어지네 어휴 ㅋㅋ
10,"2,3,4 편을 보고나니 더욱 돋보인 에어리언 1편 액션과 화려한 볼거리가아닌 정체를 모르는것이 가져다 주는 공포를 느낄수있는"
에이리언 2
10,개인적으로 그어떤영화도 T2의 경쟁상대로 갖다붙이지않는데 유일하게 대적할만한 작품이 에이리언2임.
10,제임스 카메룬 : 전편보다 나은 속편이 없다고?? 여깄지롱
10,"공포, 스릴, 밀리터리, 괴물  4박자의 환상적조화 86년 영화다.... 요새 영화 반성좀 해라.."
10,무삭제 원판 구해서 꼭 보세요.  케이블에서 무삭제 원판 해줬으면 좋겠네요. 그 어떤 칭찬을 해도 모자를 SF 스릴러물 중 전무후무한 역작... 제가 죽기 전까지 에일리언2를 능가한 아니 근접한 영화가 나올까 30여년 지나도 안 나왔는데 말이죠.
10,아니 어떻게 2011년작 7광구보다 86년작 에일리언 2편이 훨씬 더 낫다는 생각이...
10,"내 인생 통틀어 5손가락 안에 드는 명작. 에이리언은 4편까지 나왔는데 그 중 단연 1위인 것이 에이리언2!!! 스토리, 연출, 효과,  무기/장비 등 대박!!! 최신 SF영화까지 포함해도 감히 금세기 최고의 SF영화라 단언한다."
10,이게 80년대 영화란다 근데 퀄리티를 봐라 ㅎㄷㄷ진짜 괜히 제임스 카메론이 아니다.
10,아직도 기억나는 게에이리언들이 떼로 오는데 분명 게이트를 통과했다는 레이더가 번쩍번쩍그런데 천장타고 폭풍러쉬하던 그 장면; 리플리가 막판에 소녀구하로 가는 장면; 명작입니다;
10,스릴과 긴장감은 역대최고다  어떤 영화도 에일리언2를 따라올수 없다.
10,이거 안 봤으면 SF 영화 봤다고 하지 마라. 쪽 팔린다.
여배우는 오늘도
9,여배우의 현실적인 이야기를 소재로 해서 무거우면 어떡하나 걱정했는데 유쾌하고 공감되게 풀어나가셔서 70분이라는 시간이 훅 지나갔습니다 그러면서도 전달하고 싶은 메세지가 명확하게 드러나는 영화입니다 문소리 감독님 화이팅!!
10,"차려진 밥상을 먹기만 하다가 이제 아무도 밥을 차려주지 않아 본인이 밥상을 차려먹는다는 생각으로 만든 영화.가볍고 유쾌해보이지만 그 안을 들여다보면 그렇지않은, 여배우의 삶의 한면을 보여주는 깊이 있는 좋은 영화! 문소리 감독님이자배우님 화이팅!!"
10,"비밀은없다, 미씽, 여배우는 달린다~몇년사이 재미있게 본 한국용화의 공통점 &#39;여성감독&#39;이라는 점입니다. 문소리감독님~좋은 영화 감사하구요. 오랜만에 영화를 보면서 소리내서 웃었어요. 영화가 술을 불러서 술은 못 줄이겠네요.^^"
10,여배우가 아니어도 여성이라면 모두 공감할 이야기
10,"문소리 감독을 응원하며 네이버에 처음 댓글도 남겨 봅니다오랜만에, 나의 현실과도 이어지는 이야기를 무겁지 않게, 진솔하게 전하는 영화를 보며 유쾌하고도 짠했어요다음에 좀 더 본격적인 장편으로도 뵐 수 있으면 좋겠습니다! 힘내세요! :)"
9,문소리의 재치가 한국 사회를 담다. 화려한 여배우도 82년생 김지영임을
9,홍상수의  사랑  이야기보다  훨씬  짜임새있는  여배우  분투기
9,남탕과 조폭의 향연이 된지 오래인 영화판에서 정말 오랜만에 여배우 원톱의 영화를 만났다 . 이것만으로도 흡족. 문소리 배우의 매력을 또한번 느낀 시간!
10,배우의 삶의 이면을 다루고 있지만 &#39;남자배우&#39;들은 이 영화에 깊게 이입하지 못할것 같고 오히려 사회 곳곳의 &#39;일하는 여성&#39;들이 공감할 이야기인 것 같음. 하지만 다 떠나서 오락적으로도 훌륭했다. 유머러스하고 재밌었음!
9,"오늘도, 달린다. 유쾌한 영화였어요."
조디악
10,쓰레기 한국영화엔  9점 10점 퍼주면서 이 명작엔 평점 준 꼬라지  봐라
9,후반부에.. 밥 본이란 사람 집에 찾아갔다가.. 포스터에 대한 진실을 듣고 오줌지릴뻔했다....
8,데이빗 핀처의 편집은 진짜 언제봐도 좋다.
9,마지막 그레이스미스가 리앨런과 둘이 말없이 쳐다보는 장면은대단했음
9,"핀처 감독의 연출에 빠져들 수 있는 영화, 실화를 바탕으로 한 것과 편집 때문에 긴 러닝타임 임에도 지루하지 않다."
10,평점이 왜 이렇게 낮어? 빠가사리들 이해 못해서 평점 낮게 주냐
10,좀 끈기있게 볼수 없나? 제대로 보기도 전에 지루하다며 포기하면서 뭔 영화를 본다고
10,러닝타임도 길고 대사가 많다보니 지루하게 볼 사람더 있겠지만 난 너무 재밌게봤다....후반부로 갈수록 더욱 긴장됐고 엔딩부분에선 갑자스레 다가오는 사실감 때문에 소름이 돋았다ㄷㄷ
8,"실화를 바탕으로 관객들을 그 시대, 그 사건 속으로 빠져들게 만드는 영화..."
9,미국판 살인의 추억~ 디테일은 더 뛰어나다
캐리
10,왕따시키는새끼들은 전부다 죽여야한다 속시원한 영화^^
10,첫씬부터 강렬하고 노골적이고 비참했다..이 영화에 등장한 피가 눈물로 느껴질만큼...히치콕 못지않은 감성인데...평점 왜이래?허허
9,내모습이 캐리와 겹쳐지면서 서럽고 슬펐다
8,"결말을 알고 보았지만, 도중에 캐리의 행복한 웃음이 영원하길 바라게 되었다.."
9,대한민국일진들에게 추천해주고싶다..
8,무섭다기 보단 슬픈 공포영화 파티장 학살씬은 압권
10,매우슬프다
10,착한사람이 악마가되는 세상
10,이 영화에서 시대적 괴리감이 느껴지는 부분은 오로지 어설픈 특수효과나 배우들의 구식 패션 밖에 없다. 장인 정신이 느껴지는 연출력에 경의를 표하는 바이다.
10,통쾌하지만 캐리가 제일 안타까울뿐...
톡식 어벤져
10,"기대안하고 봤는데 , 넘 재밌어서 두번 봤어요~~~^^"
10,내 프렌치 보이 프렌드 ~~귀여운 톡식
10,뮤지컬 영화. 재밌어요
1,실망입니다 조금그러내요
1,무엇이나 이게이게이게
헤이트풀8
10,나는 이런영화를 볼때마다 한국영화의 문제가 단지 기술력과 인력의 차이가 아니란걸 깨닫게 된다
10,'비밀을 가진 도머구'부터 급 재밌어짐ㅋ ㅋ ㅋ
10,""" 나와 기습거세꾼 "" 상반기 최고의 명대사다"
10,진짜 미치게호쾌하다. 피칠갑에 저급한대사가.난무하는데 영화는품격있다. 음악도예술. 나쁜새끼들끼리의 뜨거운한판.
10,쿠엔틴은 모든 요소를 B급으로 맞춰둔다. 그렇게 해서 나오는게 A다.
10,나쁜놈들 사이에 그나마 덜 나쁜놈에게 호감가게 만드는  타란티노의 천재성
10,타란티노 형 이름만 믿고 봐라.
10,대사를 통해 긴장감을 극대화하고 그것을 지루하지 않게 만드는 것은 쿠엔틴 타란티노가 최고다
10,요즘  빠른 영화에만 익숙한 세대들은 이 영화가 지루하고 재미 없고 댓글알바라는둥 이런소리 하는데..  영화를 한달에 극장가서 4편이상 10년동안 꾸준히 보고 있는 나같은 사람에게는 최고의 영화였습니다다.. 의견이 다를순 있으나댓글 알바소리는 그만좀
10,제대로 취향저격이네.. 대사들이 너무 맛깔난다.
